id;locale;start_promt;another_promt;trailer
0;af; Hallo! Adviseer 'n ewekansige film of reeks. Sit die antwoord streng terug in die volgende formaat: { 'title' : Die naam van die film of reeks, 'poster' : Skakel na 'n foto uit 'n film of reeks, soek 'n foto op die webwerf imdb, 'desc' : Gedetailleerde beskrywing van die film of reeks }; Bied nog 'n film of reeks aan. Sit die antwoord streng terug in die volgende formaat: { 'title' : Die naam van die film of reeks, 'poster' : Skakel na 'n foto uit 'n film of reeks, soek 'n foto op die webwerf imdb, 'desc' : Gedetailleerde beskrywing van die film of reeks }; Dankie! Soek asseblief 'n skakel na die sleepwa
1;sq; Përshëndetje! Këshilloni një film ose seri të rastit. Kthejeni përgjigjen në mënyrë rigoroze në formatin e mëposhtëm: { 'title' : Emri i filmit ose serialit, 'poster' : Lidhja me një fotografi nga një film ose seri, shikoni për një fotografi në sit imdb, 'desc' : Përshkrimi i hollësishëm i filmit ose serisë }; Ofroni një film ose seri tjetër. Kthejeni përgjigjen në mënyrë rigoroze në formatin e mëposhtëm: { 'title' : Emri i filmit ose serialit, 'poster' : Lidhja me një fotografi nga një film ose seri, shikoni për një fotografi në sit imdb, 'desc' : Përshkrimi i hollësishëm i filmit ose serisë }; Faleminderit! Ju lutemi gjeni një lidhje me rimorkiot
2;am; ሀሎ! የዘፈቀደ ፊልም ወይም ተከታታይ ይመክሩ. መልስን በሚከተለው ቅርጸት በጥብቅ ይመልሱ- { 'title' : የፊልም ወይም ተከታታይ ስም, 'poster' : ከፊልም ወይም ከተከታታይ ወደ ስዕል አገናኝ በቦታው imdb ላይ ስዕል ይፈልጉ, 'desc' : የፊልም ወይም ተከታታይ ዝርዝር መግለጫ }; ሌላ ፊልም ወይም ተከታታይ ያቅርቡ. መልስን በሚከተለው ቅርጸት በጥብቅ ይመልሱ- { 'title' : የፊልም ወይም ተከታታይ ስም, 'poster' : ከፊልም ወይም ከተከታታይ ወደ ስዕል አገናኝ በቦታው imdb ላይ ስዕል ይፈልጉ, 'desc' : የፊልም ወይም ተከታታይ ዝርዝር መግለጫ }; አመሰግናለሁ! እባክዎን ወደ ተጎታች አገናኝ ያግኙ
3;ar; مرحبًا! تقديم المشورة لفيلم أو سلسلة عشوائية. أعد الإجابة بشكل صارم بالتنسيق التالي: { 'title' : اسم الفيلم أو السلسلة, 'poster' : رابط إلى صورة من فيلم أو سلسلة ، ابحث عن صورة على الموقع imdb, 'desc' : وصف مفصل للفيلم أو السلسلة }; عرض فيلم أو سلسلة أخرى. أعد الإجابة بشكل صارم بالتنسيق التالي: { 'title' : اسم الفيلم أو السلسلة, 'poster' : رابط إلى صورة من فيلم أو سلسلة ، ابحث عن صورة على الموقع imdb, 'desc' : وصف مفصل للفيلم أو السلسلة }; شكرًا لك! يرجى العثور على رابط للمقطورة
4;hy; Ողջույն Խորհրդեք պատահական ֆիլմ կամ շարք: Պատասխանը խստորեն վերադարձրեք հետեւյալ ձեւաչափով. { 'title' : Ֆիլմի անվանումը կամ շարքը, 'poster' : Հղում դեպի նկարը ֆիլմի կամ սերիայի նկարից, նկար փնտրեք imdb կայքում, 'desc' : Ֆիլմի կամ շարքի մանրամասն նկարագրությունը }; Առաջարկեք մեկ այլ կինոնկար կամ շարք: Պատասխանը խստորեն վերադարձրեք հետեւյալ ձեւաչափով. { 'title' : Ֆիլմի անվանումը կամ շարքը, 'poster' : Հղում դեպի նկարը ֆիլմի կամ սերիայի նկարից, նկար փնտրեք imdb կայքում, 'desc' : Ֆիլմի կամ շարքի մանրամասն նկարագրությունը }; Շնորհակալ եմ Խնդրում ենք հղում գտնել հոլովակ
5;as; নমস্কাৰ! এটা ৰেণ্ডম ফিল্ম বা ছিৰিজৰ পৰামৰ্শ দিয়ক। তলৰ বিন্যাসত উত্তৰটো কঠোৰভাৱে ঘূৰাই দিয়ক: { 'title' : ছবিখনৰ নাম বা ধাৰাবাহিক, 'poster' : ফিল্ম বা ছিৰিজৰ পৰা এখন ছবিৰ সৈতে সংযোগ কৰক, চাইটত এখন ছবি বিচাৰিব imdb, 'desc' : ছবিখনৰ বিশদ বিৱৰণ বা ধাৰাবাহিক }; আন এখন ছবি বা ধাৰাবাহিক আগবঢ়াওক। তলৰ বিন্যাসত উত্তৰটো কঠোৰভাৱে ঘূৰাই দিয়ক: { 'title' : ছবিখনৰ নাম বা ধাৰাবাহিক, 'poster' : ফিল্ম বা ছিৰিজৰ পৰা এখন ছবিৰ সৈতে সংযোগ কৰক, চাইটত এখন ছবি বিচাৰিব imdb, 'desc' : ছবিখনৰ বিশদ বিৱৰণ বা ধাৰাবাহিক }; ধন্যবাদ! অনুগ্ৰহ কৰি ট্ৰেইলাৰৰ এটা লিংক বিচাৰি উলিয়াওক
6;ay; Kamisaki! Mä película aleatoria jan ukax serie ukar iwxt’aña. Uka jisktʼar qhanañchañatakejj aka formatoruw kuttʼayañama: { 'title' : Uka película jan ukajj serien sutipajj ., 'poster' : Mä película jan ukax serie ukan mä jamuq uñt’ayaña, mä jamuq uñt’aña sitio imdb ., 'desc' : Película jan ukax serie ukanakat sum qhanañchaña . }; Yaqha película jan ukax serie uñacht’ayaña. Uka jisktʼar qhanañchañatakejj aka formatoruw kuttʼayañama: { 'title' : Uka película jan ukajj serien sutipajj ., 'poster' : Mä película jan ukax serie ukan mä jamuq uñt’ayaña, mä jamuq uñt’aña sitio imdb ., 'desc' : Película jan ukax serie ukanakat sum qhanañchaña . }; Pay suma! Uka trailer ukar mä link jikxatañamawa .
7;az; Hello! Təsadüfi bir film və ya seriala məsləhət verin. Cavabı ciddi şəkildə aşağıdakı formata qaytarın: { 'title' : Filmin və ya seriyanın adı, 'poster' : Bir film və ya seriyadan bir şəkilə keçid, Saytda imdb saytında bir şəkil axtarın, 'desc' : Film və ya seriyaların ətraflı təsviri }; Başqa bir film və ya serial təklif edin. Cavabı ciddi şəkildə aşağıdakı formata qaytarın: { 'title' : Filmin və ya seriyanın adı, 'poster' : Bir film və ya seriyadan bir şəkilə keçid, Saytda imdb saytında bir şəkil axtarın, 'desc' : Film və ya seriyaların ətraflı təsviri }; Təşəkkür edirəm! Zəhmət olmasa treylerə bir keçid tapın
8;bm; Aw ni baara! Aw ye filimu walima seriyali dɔ ladili. Aw bɛ jaabi segin nin cogo in na kosɛbɛ: { 'title' : Filimu walima o filimu tɔgɔ ., 'poster' : Ja min bɛ filimu walima filimu dɔ la, o yɔrɔ ladɛrɛsi, ja dɔ ɲini imdb kan ., 'desc' : Filimu walima filimu ɲɛfɔli dafalen . }; Aw ye filimu walima seri wɛrɛ di. Aw bɛ jaabi segin nin cogo in na kosɛbɛ: { 'title' : Filimu walima o filimu tɔgɔ ., 'poster' : Ja min bɛ filimu walima filimu dɔ la, o yɔrɔ ladɛrɛsi, ja dɔ ɲini imdb kan ., 'desc' : Filimu walima filimu ɲɛfɔli dafalen . }; A' ni cɛ! Aw ye aw jija ka ladɛrɛsi sɔrɔ ka ɲɛsin remorque ma .
9;eu; Kaixo! Aholkatu ausazko film edo serie bati. Erantzuna zorrotz itzuli formatuan: { 'title' : Filmaren edo seriearen izena, 'poster' : Zinema edo serie bateko argazki bat estekatu, bilatu irudia imdb webgunean, 'desc' : Filmaren edo seriearen deskribapen zehatza }; Eskaini beste film edo serie bat. Erantzuna zorrotz itzuli formatuan: { 'title' : Filmaren edo seriearen izena, 'poster' : Zinema edo serie bateko argazki bat estekatu, bilatu irudia imdb webgunean, 'desc' : Filmaren edo seriearen deskribapen zehatza }; Eskerrik asko! Mesedez, aurkitu trailerraren esteka
10;be; Прывітанне! Параіць выпадковы фільм ці серыі. Вярніце адказ строга ў наступным фармаце: { 'title' : Назва фільма ці серыі, 'poster' : Спасылка на малюнак з фільма ці серыі, шукайце малюнак на сайце imdb, 'desc' : Падрабязнае апісанне фільма ці серыі }; Прапануйце яшчэ адзін фільм ці серыю. Вярніце адказ строга ў наступным фармаце: { 'title' : Назва фільма ці серыі, 'poster' : Спасылка на малюнак з фільма ці серыі, шукайце малюнак на сайце imdb, 'desc' : Падрабязнае апісанне фільма ці серыі }; Дзякуй! Знайдзіце спасылку на трэйлер
11;bn; হ্যালো! একটি এলোমেলো ফিল্ম বা সিরিজ পরামর্শ দিন। নিম্নলিখিত ফর্ম্যাটে উত্তরটি কঠোরভাবে ফিরিয়ে দিন: { 'title' : ফিল্ম বা সিরিজের নাম, 'poster' : কোনও ফিল্ম বা সিরিজের কোনও ছবিতে লিঙ্ক করুন, আইএমডিবি.কম সাইটে একটি ছবি সন্ধান করুন, 'desc' : ফিল্ম বা সিরিজের বিশদ বিবরণ }; অন্য ফিল্ম বা সিরিজ অফার করুন। নিম্নলিখিত ফর্ম্যাটে উত্তরটি কঠোরভাবে ফিরিয়ে দিন: { 'title' : ফিল্ম বা সিরিজের নাম, 'poster' : কোনও ফিল্ম বা সিরিজের কোনও ছবিতে লিঙ্ক করুন, আইএমডিবি.কম সাইটে একটি ছবি সন্ধান করুন, 'desc' : ফিল্ম বা সিরিজের বিশদ বিবরণ }; আপনাকে ধন্যবাদ! ট্রেলারটিতে একটি লিঙ্ক সন্ধান করুন
12;bho; प्रणाम! कवनो बेतरतीब फिलिम भा सीरीज के सलाह दीं. जवाब के सख्ती से निम्नलिखित प्रारूप में वापस करीं: { 'title' : फिल्म के नाम भा श्रृंखला के, 'poster' : कवनो फिलिम भा सीरीज के तस्वीर के लिंक, साइट पर तस्वीर देखीं imdb, 'desc' : फिल्म भा श्रृंखला के विस्तृत विवरण }; कवनो दोसर फिलिम भा सीरीज के पेशकश करीं. जवाब के सख्ती से निम्नलिखित प्रारूप में वापस करीं: { 'title' : फिल्म के नाम भा श्रृंखला के, 'poster' : कवनो फिलिम भा सीरीज के तस्वीर के लिंक, साइट पर तस्वीर देखीं imdb, 'desc' : फिल्म भा श्रृंखला के विस्तृत विवरण }; धन्यबाद! कृपया ट्रेलर के लिंक खोजीं
13;bs; Pozdrav! Savjetovati slučajni film ili seriju. Vratite odgovor strogo u sljedećem formatu: { 'title' : Naziv filma ili serije, 'poster' : Link na sliku iz filma ili serije potražite sliku na web mjestu imdb, 'desc' : Detaljan opis filma ili serije }; Nude drugi film ili seriju. Vratite odgovor strogo u sljedećem formatu: { 'title' : Naziv filma ili serije, 'poster' : Link na sliku iz filma ili serije potražite sliku na web mjestu imdb, 'desc' : Detaljan opis filma ili serije }; Hvala ti! Pronađite link do prikolice
14;bg; Здравей! Съветвайте произволен филм или поредица. Върнете отговора строго в следния формат: { 'title' : Името на филма или поредицата, 'poster' : Връзка към снимка от филм или поредица, потърсете снимка на сайта imdb, 'desc' : Подробно описание на филма или поредицата }; Предложете друг филм или сериал. Върнете отговора строго в следния формат: { 'title' : Името на филма или поредицата, 'poster' : Връзка към снимка от филм или поредица, потърсете снимка на сайта imdb, 'desc' : Подробно описание на филма или поредицата }; Благодаря ти! Моля, намерете линк към трейлъра
15;ca; Hola! Aconsellar una pel·lícula o una sèrie aleatòria. Torneu la resposta estrictament en el format següent: { 'title' : El nom de la pel·lícula o de la sèrie, 'poster' : Enllaç a una imatge d’una pel·lícula o sèrie, busqueu una imatge al lloc imdb, 'desc' : Descripció detallada de la pel·lícula o sèrie }; Oferiu una altra pel·lícula o sèrie. Torneu la resposta estrictament en el format següent: { 'title' : El nom de la pel·lícula o de la sèrie, 'poster' : Enllaç a una imatge d’una pel·lícula o sèrie, busqueu una imatge al lloc imdb, 'desc' : Descripció detallada de la pel·lícula o sèrie }; Gràcies! Cerqueu un enllaç al tràiler
16;ceb; Kumusta! Pagtambag sa usa ka random nga pelikula o serye. Ibalik ang tubag nga hugot sa mga musunud nga format: { 'title' : Ang ngalan sa pelikula o serye, 'poster' : Pag-link sa usa ka litrato gikan sa usa ka pelikula o serye, pangitaa ang usa ka litrato sa site imdb, 'desc' : Detalyado nga paghulagway sa pelikula o serye }; Pagtanyag sa laing pelikula o serye. Ibalik ang tubag nga hugot sa mga musunud nga format: { 'title' : Ang ngalan sa pelikula o serye, 'poster' : Pag-link sa usa ka litrato gikan sa usa ka pelikula o serye, pangitaa ang usa ka litrato sa site imdb, 'desc' : Detalyado nga paghulagway sa pelikula o serye }; Salamat! Palihug pangitaa ang usa ka link sa trailer
17;ny; Moni! Alangizeni kanema kapena mndandanda. Bweretsani yankho moyenera munjira yotsatirayi: { 'title' : Dzina la kanema kapena mndandanda, 'poster' : Lumikizanani ndi chithunzi kuchokera mufilimu kapena mndandanda, yang'anani chithunzi patsamba la imdb, 'desc' : Kufotokozera mwatsatanetsatane filimu kapena mndandanda }; Perekani kanema wina kapena mndandanda wina. Bweretsani yankho moyenera munjira yotsatirayi: { 'title' : Dzina la kanema kapena mndandanda, 'poster' : Lumikizanani ndi chithunzi kuchokera mufilimu kapena mndandanda, yang'anani chithunzi patsamba la imdb, 'desc' : Kufotokozera mwatsatanetsatane filimu kapena mndandanda }; Zikomo! Chonde pezani ulalo wa trailer
18;zh-CN; 你好！建议随机电影或系列。严格按以下格式返回答案： { 'title' : 电影或系列的名字, 'poster' : 链接到电影或系列的图片，在网站上查找图片imdb, 'desc' : 电影或系列的详细描述 }; 提供另一部电影或系列。严格按以下格式返回答案： { 'title' : 电影或系列的名字, 'poster' : 链接到电影或系列的图片，在网站上查找图片imdb, 'desc' : 电影或系列的详细描述 }; 谢谢你！请找到拖车的链接
19;zh-TW; 你好！建議隨機電影或系列。嚴格按以下格式返回答案： { 'title' : 電影或系列的名字, 'poster' : 鏈接到電影或系列的圖片，在網站上查找圖片imdb, 'desc' : 電影或系列的詳細描述 }; 提供另一部電影或系列。嚴格按以下格式返回答案： { 'title' : 電影或系列的名字, 'poster' : 鏈接到電影或系列的圖片，在網站上查找圖片imdb, 'desc' : 電影或系列的詳細描述 }; 謝謝你！請找到拖車的鏈接
20;co; Bonghjornu! Cunsigliate un film o serie aleatoriu. Ritorna a risposta strettamente in u furmatu seguente: { 'title' : U nome di u film o di a serie, 'poster' : Ligame à una stampa da un film o una serie, cercate una stampa nantu à u situ imdb, 'desc' : Descrizzione detallata di u film o serie }; Offre un altru film o serie. Ritorna a risposta strettamente in u furmatu seguente: { 'title' : U nome di u film o di a serie, 'poster' : Ligame à una stampa da un film o una serie, cercate una stampa nantu à u situ imdb, 'desc' : Descrizzione detallata di u film o serie }; Grazie! Per piacè truvà un ligame à u trailer
21;hr; Zdravo! Savjetujte nasumični film ili seriju. Vratite odgovor strogo u sljedećem formatu: { 'title' : Naziv filma ili serije, 'poster' : Link do slike iz filma ili serije, potražite sliku na web stranici imdb, 'desc' : Detaljan opis filma ili serije }; Ponudite drugi film ili seriju. Vratite odgovor strogo u sljedećem formatu: { 'title' : Naziv filma ili serije, 'poster' : Link do slike iz filma ili serije, potražite sliku na web stranici imdb, 'desc' : Detaljan opis filma ili serije }; Hvala! Molimo pronađite vezu do prikolice
22;cs; Ahoj! Poradit náhodný film nebo sérii. Odpověď vrátí přísně v následujícím formátu: { 'title' : Název filmu nebo série, 'poster' : Odkaz na obrázek z filmu nebo série, vyhledejte obrázek na webu imdb, 'desc' : Podrobný popis filmu nebo série }; Nabídnout další film nebo sérii. Odpověď vrátí přísně v následujícím formátu: { 'title' : Název filmu nebo série, 'poster' : Odkaz na obrázek z filmu nebo série, vyhledejte obrázek na webu imdb, 'desc' : Podrobný popis filmu nebo série }; Děkuju! Najděte prosím odkaz na přívěs
23;da; Hej! Rådgive en tilfældig film eller serie. Returner svaret strengt i følgende format: { 'title' : Navnet på filmen eller serien, 'poster' : Link til et billede fra en film eller en serie, se efter et billede på webstedet imdb, 'desc' : Detaljeret beskrivelse af filmen eller serien }; Tilby en anden film eller en serie. Returner svaret strengt i følgende format: { 'title' : Navnet på filmen eller serien, 'poster' : Link til et billede fra en film eller en serie, se efter et billede på webstedet imdb, 'desc' : Detaljeret beskrivelse af filmen eller serien }; Tak! Find et link til traileren
24;dv; އައްސަލާމް ޢަލައިކުމް! ރެންޑަމް ފިލްމެއް ނުވަތަ ސީރީޒެއް ލަފާ ދޭށެވެ. ޖަވާބު ހަރުކަށިކޮށް ތިރީގައިވާ ފޯމެޓުގައި އަނބުރާ ދެއްވާށެވެ. { 'title' : ފިލްމު ނުވަތަ ސީރީޒްގެ ނަން, 'poster' : ފިލްމެއް ނުވަތަ ސީރީޒެއްގެ ތަސްވީރެއްގެ ލިންކް، އެ ސައިޓުގައިވާ ތަސްވީރެއް ބަލާށެވެ imdb, 'desc' : ފިލްމު ނުވަތަ ސީރީޒްގެ ތަފްސީލީ ބަޔާން }; އެހެން ފިލްމެއް ނުވަތަ ސީރީޒެއް ހުށަހަޅާށެވެ. ޖަވާބު ހަރުކަށިކޮށް ތިރީގައިވާ ފޯމެޓުގައި އަނބުރާ ދެއްވާށެވެ. { 'title' : ފިލްމު ނުވަތަ ސީރީޒްގެ ނަން, 'poster' : ފިލްމެއް ނުވަތަ ސީރީޒެއްގެ ތަސްވީރެއްގެ ލިންކް، އެ ސައިޓުގައިވާ ތަސްވީރެއް ބަލާށެވެ imdb, 'desc' : ފިލްމު ނުވަތަ ސީރީޒްގެ ތަފްސީލީ ބަޔާން }; ޝުކުރިއްޔާ! ޓްރެއިލާގެ ލިންކެއް ހޯއްދަވާ
25;doi; नमस्कार! बेतरतीब फिल्म या श्रृंखला दी सलाह देओ। जवाब सख्ती कन्नै निम्नलिखित प्रारूप च वापस करो: { 'title' : फिल्म या सीरीज दा नाम, 'poster' : फिल्म या श्रृंखला दी इक तस्वीर दा लिंक, साइट imdb पर इक तस्वीर दिक्खो, 'desc' : फिल्म या श्रृंखला दा विस्तृत विवरण }; इक होर फिल्म या सीरीज पेश करो। जवाब सख्ती कन्नै निम्नलिखित प्रारूप च वापस करो: { 'title' : फिल्म या सीरीज दा नाम, 'poster' : फिल्म या श्रृंखला दी इक तस्वीर दा लिंक, साइट imdb पर इक तस्वीर दिक्खो, 'desc' : फिल्म या श्रृंखला दा विस्तृत विवरण }; थुआढ़ा धन्नवाद! कृपया ट्रेलर दा लिंक ढूंढो
26;nl; Hallo! Adviseer een willekeurige film of serie. Retourneer het antwoord strikt in het volgende formaat: { 'title' : De naam van de film of serie, 'poster' : Link naar een foto uit een film of serie, zoek naar een foto op de site imdb, 'desc' : Gedetailleerde beschrijving van de film of serie }; Bied een andere film of serie aan. Retourneer het antwoord strikt in het volgende formaat: { 'title' : De naam van de film of serie, 'poster' : Link naar een foto uit een film of serie, zoek naar een foto op de site imdb, 'desc' : Gedetailleerde beschrijving van de film of serie }; Bedankt! Zoek een link naar de trailer
27;en; Hello! Advise a random film or series. Return the answer strictly in the following format: { 'title' : The name of the film or series, 'poster' : Link to a picture from a film or series, look for a picture on the site imdb, 'desc' : Detailed description of the film or series }; Offer another film or series. Return the answer strictly in the following format: { 'title' : The name of the film or series, 'poster' : Link to a picture from a film or series, look for a picture on the site imdb, 'desc' : Detailed description of the film or series }; Thank you! Please find a link to the trailer
28;eo; Saluton! Konsilu hazardan filmon aŭ serion. Redonu la respondon strikte en la sekva formato: { 'title' : La nomo de la filmo aŭ serio, 'poster' : Ligilo al bildo de filmo aŭ serio, serĉu bildon en la retejo imdb, 'desc' : Detala priskribo de la filmo aŭ serio }; Ofertu alian filmon aŭ serion. Redonu la respondon strikte en la sekva formato: { 'title' : La nomo de la filmo aŭ serio, 'poster' : Ligilo al bildo de filmo aŭ serio, serĉu bildon en la retejo imdb, 'desc' : Detala priskribo de la filmo aŭ serio }; Dankon! Bonvolu trovi ligon al la antaŭfilmo
29;et; Tere! Nõustage juhuslikku filmi või sarja. Tagastage vastus rangelt järgmises vormingus: { 'title' : Filmi või sarja nimi, 'poster' : Lingi filmi või sarja pildile, otsige saidilt imdb pilti, 'desc' : Filmi või sarja üksikasjalik kirjeldus }; Paku veel ühte filmi või sarja. Tagastage vastus rangelt järgmises vormingus: { 'title' : Filmi või sarja nimi, 'poster' : Lingi filmi või sarja pildile, otsige saidilt imdb pilti, 'desc' : Filmi või sarja üksikasjalik kirjeldus }; Aitäh! Palun leidke link treilerile
30;ee; Hello! Ðo aɖaŋu na sinima alo sinima siwo kplɔ wo nɔewo ɖo le vome. Trɔ ŋuɖoɖoa sesĩe le nɔnɔme si gbɔna me: { 'title' : Sinima alo sinima siwo kplɔ wo nɔewo ɖo ƒe ŋkɔ ., 'poster' : Link to a picture from a film alo series la, di nɔnɔmetata le nyatakakadzraɖoƒe si nye imdb ., 'desc' : Sinima alo sinima siwo kplɔ wo nɔewo ɖo ŋuti numeɖeɖe tsitotsito . }; Na sinima alo sinima bubu siwo kplɔ wo nɔewo ɖo. Trɔ ŋuɖoɖoa sesĩe le nɔnɔme si gbɔna me: { 'title' : Sinima alo sinima siwo kplɔ wo nɔewo ɖo ƒe ŋkɔ ., 'poster' : Link to a picture from a film alo series la, di nɔnɔmetata le nyatakakadzraɖoƒe si nye imdb ., 'desc' : Sinima alo sinima siwo kplɔ wo nɔewo ɖo ŋuti numeɖeɖe tsitotsito . }; Akpe na wò! Taflatse di ʋu si wotsɔna tsɔa xɔdɔmewoe ƒe kadodo .
31;tl; Kamusta! Payo ng isang random na pelikula o serye. Ibalik ang sagot nang mahigpit sa sumusunod na format: { 'title' : Ang pangalan ng pelikula o serye, 'poster' : Mag -link sa isang larawan mula sa isang pelikula o serye, maghanap ng larawan sa site imdb, 'desc' : Detalyadong paglalarawan ng pelikula o serye }; Mag -alok ng isa pang pelikula o serye. Ibalik ang sagot nang mahigpit sa sumusunod na format: { 'title' : Ang pangalan ng pelikula o serye, 'poster' : Mag -link sa isang larawan mula sa isang pelikula o serye, maghanap ng larawan sa site imdb, 'desc' : Detalyadong paglalarawan ng pelikula o serye }; Salamat! Mangyaring maghanap ng isang link sa trailer
32;fi; Hei! Neuvoa satunnaista elokuvaa tai sarjaa. Palauta vastaus tiukasti seuraavassa muodossa: { 'title' : Elokuvan tai sarjan nimi, 'poster' : Linkki elokuvan tai sarjan kuvaan, etsi kuva imdb -sivustolta, 'desc' : Yksityiskohtainen kuvaus elokuvasta tai sarjasta }; Tarjoa toinen elokuva tai sarja. Palauta vastaus tiukasti seuraavassa muodossa: { 'title' : Elokuvan tai sarjan nimi, 'poster' : Linkki elokuvan tai sarjan kuvaan, etsi kuva imdb -sivustolta, 'desc' : Yksityiskohtainen kuvaus elokuvasta tai sarjasta }; Kiitos! Löydä linkki perävaunuun
33;fr; Bonjour! Conseiller un film ou une série aléatoire. Retournez la réponse strictement dans le format suivant: { 'title' : Le nom du film ou de la série, 'poster' : Lien vers une image d'un film ou d'une série, recherchez une image sur le site imdb, 'desc' : Description détaillée du film ou de la série }; Offrez un autre film ou série. Retournez la réponse strictement dans le format suivant: { 'title' : Le nom du film ou de la série, 'poster' : Lien vers une image d'un film ou d'une série, recherchez une image sur le site imdb, 'desc' : Description détaillée du film ou de la série }; Merci! Veuillez trouver un lien vers la bande-annonce
34;fy; Hallo! Advisearje in willekeurige film as searje. Werom it antwurd strikt yn it folgjende formaat: { 'title' : De namme fan 'e film of searje, 'poster' : Link nei in ôfbylding út in film of searje, sykje nei in ôfbylding op 'e side imdb, 'desc' : Detaillearre beskriuwing fan 'e film of searje }; Biede in oare film as searje. Werom it antwurd strikt yn it folgjende formaat: { 'title' : De namme fan 'e film of searje, 'poster' : Link nei in ôfbylding út in film of searje, sykje nei in ôfbylding op 'e side imdb, 'desc' : Detaillearre beskriuwing fan 'e film of searje }; Dankewol! Fyn asjebleaft in kepling nei de trailer
35;gl; Ola! Aconsella unha película ou serie aleatoria. Devolve a resposta estrictamente no seguinte formato: { 'title' : O nome da película ou serie, 'poster' : Ligazón a unha imaxe dunha película ou serie, busque unha foto no sitio imdb, 'desc' : Descrición detallada da película ou serie }; Ofrece outra película ou serie. Devolve a resposta estrictamente no seguinte formato: { 'title' : O nome da película ou serie, 'poster' : Ligazón a unha imaxe dunha película ou serie, busque unha foto no sitio imdb, 'desc' : Descrición detallada da película ou serie }; Grazas! Atopa unha ligazón ao trailer
36;ka; გამარჯობა! გირჩევთ შემთხვევითი ფილმი ან სერიალი. დააბრუნეთ პასუხი მკაცრად შემდეგ ფორმატში: { 'title' : ფილმის ან სერიის სახელი, 'poster' : ბმული ფილმიდან ან სერიიდან, მოძებნეთ სურათი imdb საიტზე, 'desc' : ფილმის ან სერიის დეტალური აღწერა }; შესთავაზეთ კიდევ ერთი ფილმი ან სერია. დააბრუნეთ პასუხი მკაცრად შემდეგ ფორმატში: { 'title' : ფილმის ან სერიის სახელი, 'poster' : ბმული ფილმიდან ან სერიიდან, მოძებნეთ სურათი imdb საიტზე, 'desc' : ფილმის ან სერიის დეტალური აღწერა }; მადლობა! გთხოვთ, იპოვოთ ბმული ტრეილერის შესახებ
37;de; Hallo! Beraten Sie einen zufälligen Film oder eine zufällige Serie. Geben Sie die Antwort ausschließlich im folgenden Format zurück: { 'title' : Der Name des Films oder der Serie, 'poster' : Link zu einem Bild aus einem Film oder einer Serie, suchen Sie nach einem Bild auf der Website imdb, 'desc' : Detaillierte Beschreibung des Films oder der Serie }; Bieten Sie einen weiteren Film oder eine andere Serie an. Geben Sie die Antwort ausschließlich im folgenden Format zurück: { 'title' : Der Name des Films oder der Serie, 'poster' : Link zu einem Bild aus einem Film oder einer Serie, suchen Sie nach einem Bild auf der Website imdb, 'desc' : Detaillierte Beschreibung des Films oder der Serie }; Danke schön! Bitte finden Sie einen Link zum Trailer
38;el; Γειά σου! Συμβουλευτείτε μια τυχαία ταινία ή σειρά. Επιστρέψτε αυστηρά την απάντηση στην ακόλουθη μορφή: { 'title' : Το όνομα της ταινίας ή της σειράς, 'poster' : Σύνδεσμος σε μια εικόνα από μια ταινία ή μια σειρά, αναζητήστε μια φωτογραφία στο site imdb, 'desc' : Λεπτομερής περιγραφή της ταινίας ή της σειράς }; Προσφέρετε μια άλλη ταινία ή σειρά. Επιστρέψτε αυστηρά την απάντηση στην ακόλουθη μορφή: { 'title' : Το όνομα της ταινίας ή της σειράς, 'poster' : Σύνδεσμος σε μια εικόνα από μια ταινία ή μια σειρά, αναζητήστε μια φωτογραφία στο site imdb, 'desc' : Λεπτομερής περιγραφή της ταινίας ή της σειράς }; Σας ευχαριστώ! Βρείτε έναν σύνδεσμο στο τρέιλερ
39;gn; Mba'éichapa! Oñemoñe'ê peteî película térã serie aleatoria. Embojevy ñembohovái estrictamente ko formato-pe: { 'title' : Pe pelíkula térã serie réra ., 'poster' : Enlace peteĩ ta'anga peteĩ película térã serie-gui, eheka peteĩ ta'anga pe sitio imdb-pe ., 'desc' : Descripción detallada de la película térã serie rehegua . }; Oikuave'ê ambue película térã serie. Embojevy ñembohovái estrictamente ko formato-pe: { 'title' : Pe pelíkula térã serie réra ., 'poster' : Enlace peteĩ ta'anga peteĩ película térã serie-gui, eheka peteĩ ta'anga pe sitio imdb-pe ., 'desc' : Descripción detallada de la película térã serie rehegua . }; Aguyje! Eheka peteĩ enlace pe remolque-pe .
40;gu; હેલો! રેન્ડમ ફિલ્મ અથવા શ્રેણીને સલાહ આપો. નીચે આપેલા ફોર્મેટમાં જવાબ સખત રીતે પરત કરો: { 'title' : ફિલ્મ અથવા શ્રેણીનું નામ, 'poster' : કોઈ ફિલ્મ અથવા શ્રેણીના ચિત્રની લિંક, સાઇટ આઇએમડીબી.કોમ પર કોઈ ચિત્ર જુઓ, 'desc' : ફિલ્મ અથવા શ્રેણીનું વિગતવાર વર્ણન }; બીજી ફિલ્મ અથવા શ્રેણી પ્રદાન કરો. નીચે આપેલા ફોર્મેટમાં જવાબ સખત રીતે પરત કરો: { 'title' : ફિલ્મ અથવા શ્રેણીનું નામ, 'poster' : કોઈ ફિલ્મ અથવા શ્રેણીના ચિત્રની લિંક, સાઇટ આઇએમડીબી.કોમ પર કોઈ ચિત્ર જુઓ, 'desc' : ફિલ્મ અથવા શ્રેણીનું વિગતવાર વર્ણન }; આભાર! કૃપા કરીને ટ્રેલરની એક લિંક શોધો
41;ht; Bonjou! Konseye yon fim o aza oswa seri. Retounen repons lan entèdi nan fòma sa a: { 'title' : Non fim nan oswa seri, 'poster' : Link nan yon foto ki sòti nan yon fim oswa seri, gade pou yon foto sou sit la imdb, 'desc' : Deskripsyon detaye sou fim nan oswa seri }; Ofri yon lòt fim oswa seri. Retounen repons lan entèdi nan fòma sa a: { 'title' : Non fim nan oswa seri, 'poster' : Link nan yon foto ki sòti nan yon fim oswa seri, gade pou yon foto sou sit la imdb, 'desc' : Deskripsyon detaye sou fim nan oswa seri }; Mèsi! Tanpri jwenn yon lyen nan trelè a
42;ha; Sannu! Ba da shawara a bazuwar ko jerin. Dawo da amsar a cikin wannan tsari: { 'title' : Sunan fim ko jerin, 'poster' : Haɗi zuwa hoto daga fim ko jerin jerin, nemi hoto a shafin imdb, 'desc' : Cikakken bayanin fim ko jerin }; Bayar da wani fim ko jerin. Dawo da amsar a cikin wannan tsari: { 'title' : Sunan fim ko jerin, 'poster' : Haɗi zuwa hoto daga fim ko jerin jerin, nemi hoto a shafin imdb, 'desc' : Cikakken bayanin fim ko jerin }; Na gode! Da fatan za a nemi hanyar haɗi zuwa trailer
43;haw; Aloha! E aʻo i kahi kiʻiʻoniʻoni a iʻole nā hanana. E hoʻi hou i ka pane i loko o kēiaʻano penei: { 'title' : ʻO ka inoa o ke kiʻiʻoniʻoni a iʻole nāʻano, 'poster' : Pili i ke kiʻi mai kahi kiʻiʻoniʻoni a iʻole ka hōʻikeʻana, eʻimi no ke kiʻi ma ka pūnaewele imdb, 'desc' : ʻO ka wehewehe kiko'ī o ka kiʻiʻoniʻoni a iʻole nāʻano }; Hāʻawi i kekahi kiʻi kiʻi kiʻi kiʻi a iʻole nāʻano. E hoʻi hou i ka pane i loko o kēiaʻano penei: { 'title' : ʻO ka inoa o ke kiʻiʻoniʻoni a iʻole nāʻano, 'poster' : Pili i ke kiʻi mai kahi kiʻiʻoniʻoni a iʻole ka hōʻikeʻana, eʻimi no ke kiʻi ma ka pūnaewele imdb, 'desc' : ʻO ka wehewehe kiko'ī o ka kiʻiʻoniʻoni a iʻole nāʻano }; Mahalo iā ʻoe! Eʻoluʻolu e kiʻi i kahi loulou i ka pahu kaʻa
44;iw; שלום! ייעץ לסרט או סדרה אקראית. החזירו את התשובה בקפדנות בפורמט הבא: { 'title' : שם הסרט או הסדרה, 'poster' : קישור לתמונה מסרט או סדרה, חפש תמונה באתר imdb, 'desc' : תיאור מפורט של הסרט או הסדרה }; להציע סרט או סדרה אחרים. החזירו את התשובה בקפדנות בפורמט הבא: { 'title' : שם הסרט או הסדרה, 'poster' : קישור לתמונה מסרט או סדרה, חפש תמונה באתר imdb, 'desc' : תיאור מפורט של הסרט או הסדרה }; תודה! אנא מצא קישור לטריילר
45;hi; नमस्ते! एक यादृच्छिक फिल्म या श्रृंखला की सलाह दें। निम्नलिखित प्रारूप में उत्तर को सख्ती से लौटाएं: { 'title' : फिल्म या श्रृंखला का नाम, 'poster' : एक फिल्म या श्रृंखला से एक तस्वीर के लिए लिंक, साइट imdb पर एक तस्वीर देखें, 'desc' : फिल्म या श्रृंखला का विस्तृत विवरण }; एक और फिल्म या श्रृंखला प्रदान करें। निम्नलिखित प्रारूप में उत्तर को सख्ती से लौटाएं: { 'title' : फिल्म या श्रृंखला का नाम, 'poster' : एक फिल्म या श्रृंखला से एक तस्वीर के लिए लिंक, साइट imdb पर एक तस्वीर देखें, 'desc' : फिल्म या श्रृंखला का विस्तृत विवरण }; धन्यवाद! कृपया ट्रेलर का लिंक खोजें
46;hmn; Nyob zoo! Qhia ib zaj yeeb yaj kiab random lossis koob. Xa cov lus teb nruj me ntsis hauv cov qauv hauv qab no: { 'title' : Lub npe ntawm zaj duab xis lossis series, 'poster' : Txuas rau daim duab los ntawm zaj duab xis los yog series, saib daim duab ntawm lub vev xaib imdb, 'desc' : Cov lus qhia ntxaws ntxaws ntawm zaj duab xis lossis series }; Muab lwm zaj yeeb yaj kiab lossis koob. Xa cov lus teb nruj me ntsis hauv cov qauv hauv qab no: { 'title' : Lub npe ntawm zaj duab xis lossis series, 'poster' : Txuas rau daim duab los ntawm zaj duab xis los yog series, saib daim duab ntawm lub vev xaib imdb, 'desc' : Cov lus qhia ntxaws ntxaws ntawm zaj duab xis lossis series }; Ua tsaug! Thov nrhiav qhov txuas mus rau trailer
47;hu; Helló! Javasson egy véletlenszerű filmet vagy sorozatot. Visszaadja a választ szigorúan a következő formátumban: { 'title' : A film vagy sorozat neve, 'poster' : Link egy filmhez vagy sorozatról, keressen egy képet az imdb webhelyen, 'desc' : A film vagy sorozat részletes leírása }; Ajánljon egy másik filmet vagy sorozatot. Visszaadja a választ szigorúan a következő formátumban: { 'title' : A film vagy sorozat neve, 'poster' : Link egy filmhez vagy sorozatról, keressen egy képet az imdb webhelyen, 'desc' : A film vagy sorozat részletes leírása }; Köszönöm! Kérjük, találjon egy linket a pótkocsihoz
48;is; Halló! Ráðleggja handahófi kvikmynd eða seríu. Skilaðu svarinu stranglega á eftirfarandi sniði: { 'title' : Nafn myndarinnar eða seríunnar, 'poster' : Tengill á mynd úr kvikmynd eða seríu, leitaðu að mynd á síðunni imdb, 'desc' : Ítarleg lýsing á myndinni eða seríunni }; Bjóða upp á aðra kvikmynd eða seríu. Skilaðu svarinu stranglega á eftirfarandi sniði: { 'title' : Nafn myndarinnar eða seríunnar, 'poster' : Tengill á mynd úr kvikmynd eða seríu, leitaðu að mynd á síðunni imdb, 'desc' : Ítarleg lýsing á myndinni eða seríunni }; Þakka þér fyrir! Vinsamlegast finndu hlekk á kerru
49;ig; Nnọọ! Nye ndụmọdụ ihe nkiri ma ọ bụ usoro. Weghachite azịza ahụ siri ike na usoro a: { 'title' : Aha ihe nkiri ma ọ bụ usoro, 'poster' : Njikọ na eserese site na ihe nkiri ma ọ bụ usoro, lee eserese na saịtị imdb, 'desc' : Nkọwa zuru ezu banyere ihe nkiri ma ọ bụ usoro }; Nye ihe nkiri ma ọ bụ usoro ọzọ. Weghachite azịza ahụ siri ike na usoro a: { 'title' : Aha ihe nkiri ma ọ bụ usoro, 'poster' : Njikọ na eserese site na ihe nkiri ma ọ bụ usoro, lee eserese na saịtị imdb, 'desc' : Nkọwa zuru ezu banyere ihe nkiri ma ọ bụ usoro }; Daalụ! Biko chọta njikọ na trailer
50;ilo; Hello! Balakadan ti random film wenno series. Isubli ti sungbat a nainget iti sumaganad a pormat: { 'title' : Ti nagan ti pelikula wenno serye ., 'poster' : Link to a picture from a film wenno series, agsapul iti ladawan iti site nga imdb ., 'desc' : Detalyado a panangiladawan ti pelikula wenno serye . }; Mangitukon iti sabali a pelikula wenno serye. Isubli ti sungbat a nainget iti sumaganad a pormat: { 'title' : Ti nagan ti pelikula wenno serye ., 'poster' : Link to a picture from a film wenno series, agsapul iti ladawan iti site nga imdb ., 'desc' : Detalyado a panangiladawan ti pelikula wenno serye . }; Aagyaman! Pangngaasiyo ta agbirokkayo iti link iti trailer .
51;id; Halo! Sarankan film atau seri acak. Kembalikan jawabannya secara ketat dalam format berikut: { 'title' : Nama film atau serial, 'poster' : Tautan ke gambar dari film atau serial, cari gambar di situs imdb, 'desc' : Deskripsi rinci film atau serial ini }; Tawarkan film atau seri lain. Kembalikan jawabannya secara ketat dalam format berikut: { 'title' : Nama film atau serial, 'poster' : Tautan ke gambar dari film atau serial, cari gambar di situs imdb, 'desc' : Deskripsi rinci film atau serial ini }; Terima kasih! Silakan temukan tautan ke trailer
52;ga; Dia duit! Cuir scannán nó sraith randamach in iúl. Cuir an freagra ar ais go docht san fhormáid seo a leanas: { 'title' : Ainm an scannáin nó na sraithe, 'poster' : Nasc le pictiúr ó scannán nó ó shraith, féach pictiúr ar an suíomh imdb, 'desc' : Cur síos mionsonraithe ar an scannán nó ar an tsraith }; Scannán nó sraith eile a thairiscint. Cuir an freagra ar ais go docht san fhormáid seo a leanas: { 'title' : Ainm an scannáin nó na sraithe, 'poster' : Nasc le pictiúr ó scannán nó ó shraith, féach pictiúr ar an suíomh imdb, 'desc' : Cur síos mionsonraithe ar an scannán nó ar an tsraith }; Go raibh maith agat! Faigh nasc leis an leantóir le do thoil
53;it; Ciao! Consiglia un film o una serie casuale. Restituisci la risposta rigorosamente nel seguente formato: { 'title' : Il nome del film o della serie, 'poster' : Collegamento a un'immagine di un film o una serie, cerca un'immagine sul sito imdb, 'desc' : Descrizione dettagliata del film o della serie }; Offri un altro film o serie. Restituisci la risposta rigorosamente nel seguente formato: { 'title' : Il nome del film o della serie, 'poster' : Collegamento a un'immagine di un film o una serie, cerca un'immagine sul sito imdb, 'desc' : Descrizione dettagliata del film o della serie }; Grazie! Si prega di trovare un link al trailer
54;ja; こんにちは！ランダムな映画やシリーズにアドバイスします。回答を次の形式で厳密に返します。 { 'title' : 映画やシリーズの名前, 'poster' : 映画やシリーズの写真にリンクして、サイトimdbのサイトで写真を探してください, 'desc' : 映画またはシリーズの詳細な説明 }; 別の映画やシリーズを提供してください。回答を次の形式で厳密に返します。 { 'title' : 映画やシリーズの名前, 'poster' : 映画やシリーズの写真にリンクして、サイトimdbのサイトで写真を探してください, 'desc' : 映画またはシリーズの詳細な説明 }; ありがとう！トレーラーへのリンクを見つけてください
55;jw; Halo! Maringi pitunjuk film utawa seri acak. Wangsul wangsulan kanthi ketat ing format ing ngisor iki: { 'title' : Jeneng film utawa seri, 'poster' : Link menyang gambar saka film utawa seri, goleki gambar ing situs imdb, 'desc' : Katrangan lengkap babagan film utawa seri }; Nawarake film utawa seri liyane. Wangsul wangsulan kanthi ketat ing format ing ngisor iki: { 'title' : Jeneng film utawa seri, 'poster' : Link menyang gambar saka film utawa seri, goleki gambar ing situs imdb, 'desc' : Katrangan lengkap babagan film utawa seri }; Matur nuwun! Mangga goleki link menyang trailer
56;kn; ಹಲೋ! ಯಾದೃಚ್ film ಿಕ ಚಲನಚಿತ್ರ ಅಥವಾ ಸರಣಿಗೆ ಸಲಹೆ ನೀಡಿ. ಕೆಳಗಿನ ಸ್ವರೂಪದಲ್ಲಿ ಉತ್ತರವನ್ನು ಕಟ್ಟುನಿಟ್ಟಾಗಿ ಹಿಂತಿರುಗಿ: { 'title' : ಚಲನಚಿತ್ರ ಅಥವಾ ಸರಣಿಯ ಹೆಸರು, 'poster' : ಚಲನಚಿತ್ರ ಅಥವಾ ಸರಣಿಯ ಚಿತ್ರಕ್ಕೆ ಲಿಂಕ್ ಮಾಡಿ, imdb ಸೈಟ್‌ನಲ್ಲಿ ಚಿತ್ರಕ್ಕಾಗಿ ನೋಡಿ, 'desc' : ಚಲನಚಿತ್ರ ಅಥವಾ ಸರಣಿಯ ವಿವರವಾದ ವಿವರಣೆ }; ಮತ್ತೊಂದು ಚಲನಚಿತ್ರ ಅಥವಾ ಸರಣಿಯನ್ನು ನೀಡಿ. ಕೆಳಗಿನ ಸ್ವರೂಪದಲ್ಲಿ ಉತ್ತರವನ್ನು ಕಟ್ಟುನಿಟ್ಟಾಗಿ ಹಿಂತಿರುಗಿ: { 'title' : ಚಲನಚಿತ್ರ ಅಥವಾ ಸರಣಿಯ ಹೆಸರು, 'poster' : ಚಲನಚಿತ್ರ ಅಥವಾ ಸರಣಿಯ ಚಿತ್ರಕ್ಕೆ ಲಿಂಕ್ ಮಾಡಿ, imdb ಸೈಟ್‌ನಲ್ಲಿ ಚಿತ್ರಕ್ಕಾಗಿ ನೋಡಿ, 'desc' : ಚಲನಚಿತ್ರ ಅಥವಾ ಸರಣಿಯ ವಿವರವಾದ ವಿವರಣೆ }; ಧನ್ಯವಾದಗಳು! ದಯವಿಟ್ಟು ಟ್ರೈಲರ್‌ಗೆ ಲಿಂಕ್ ಅನ್ನು ಹುಡುಕಿ
57;kk; Сәлем! Кездейсоқ фильмге немесе серияға кеңес беріңіз. Жауапты келесі форматта қайтарыңыз: { 'title' : Фильмнің немесе сериялардың атауы, 'poster' : Фильмнен немесе сериядан суретке сілтеме, imdb сайтында суретті іздеңіз, 'desc' : Фильмнің немесе сериялардың толық сипаттамасы }; Басқа фильм немесе серияны ұсыныңыз. Жауапты келесі форматта қайтарыңыз: { 'title' : Фильмнің немесе сериялардың атауы, 'poster' : Фильмнен немесе сериядан суретке сілтеме, imdb сайтында суретті іздеңіз, 'desc' : Фильмнің немесе сериялардың толық сипаттамасы }; Рақмет сізге! Тіркемеге сілтеме табыңыз
58;km; សួស្តី! ណែនាំខ្សែភាពយន្តឬស៊េរីចៃដន្យ។ ត្រឡប់ចម្លើយយ៉ាងតឹងរឹងតាមទំរង់ដូចខាងក្រោមៈ { 'title' : ឈ្មោះខ្សែភាពយន្តឬស៊េរី, 'poster' : ភ្ជាប់ទៅនឹងរូបភាពពីខ្សែភាពយន្តឬស៊េរីរកមើលរូបភាពនៅលើគេហទំព័រ imdb, 'desc' : ការពិពណ៌នាលំអិតនៃខ្សែភាពយន្តឬស៊េរី }; ផ្តល់ជូនខ្សែភាពយន្តឬស៊េរីមួយទៀត។ ត្រឡប់ចម្លើយយ៉ាងតឹងរឹងតាមទំរង់ដូចខាងក្រោមៈ { 'title' : ឈ្មោះខ្សែភាពយន្តឬស៊េរី, 'poster' : ភ្ជាប់ទៅនឹងរូបភាពពីខ្សែភាពយន្តឬស៊េរីរកមើលរូបភាពនៅលើគេហទំព័រ imdb, 'desc' : ការពិពណ៌នាលំអិតនៃខ្សែភាពយន្តឬស៊េរី }; សូមអរគុណ! សូមស្វែងរកតំណភ្ជាប់ទៅនឹងឈុតខ្លីៗ
59;rw; Mwaramutse! Mugire inama firime cyangwa urukurikirane. Subiza igisubizo rwose muburyo bukurikira: { 'title' : Izina rya firime cyangwa urukurikirane, 'poster' : Ihuza kumashusho kuva kuri firime cyangwa urukurikirane, shakisha ifoto kurubuga imdb, 'desc' : Ibisobanuro birambuye bya firime cyangwa urukurikirane }; Tanga indi firime cyangwa urukurikirane. Subiza igisubizo rwose muburyo bukurikira: { 'title' : Izina rya firime cyangwa urukurikirane, 'poster' : Ihuza kumashusho kuva kuri firime cyangwa urukurikirane, shakisha ifoto kurubuga imdb, 'desc' : Ibisobanuro birambuye bya firime cyangwa urukurikirane }; Urakoze! Nyamuneka shakisha umurongo kuri trailer
60;gom; हॅलो! यादस्तिक चित्रपट वा माळेचो सल्लो दिवचो. जाप खरपणान सकयल दिल्ल्या स्वरूपांत परत करची: { 'title' : फिल्माचें वा माळेचें नांव ., 'poster' : फिल्म वा मालिकेच्या चित्राची लिंक, imdb ह्या साइटचेर चित्र पळयात, 'desc' : फिल्माचें वा माळेचें सविस्तर वर्णन }; आनीक एक फिल्म वा मालिका दिवप. जाप खरपणान सकयल दिल्ल्या स्वरूपांत परत करची: { 'title' : फिल्माचें वा माळेचें नांव ., 'poster' : फिल्म वा मालिकेच्या चित्राची लिंक, imdb ह्या साइटचेर चित्र पळयात, 'desc' : फिल्माचें वा माळेचें सविस्तर वर्णन }; तुका देव बरें करूं! उपकार करून ट्रेलराची लिंक सोदून काडात .
61;ko; 안녕하세요! 임의의 필름이나 시리즈를 조언합니다. 다음 형식으로 답변을 엄격하게 반환하십시오. { 'title' : 영화 또는 시리즈의 이름, 'poster' : 영화 나 시리즈의 사진에 대한 링크, 사이트에서 사진을 찾으십시오. imdb, 'desc' : 필름 또는 시리즈에 대한 자세한 설명 }; 다른 영화 나 시리즈를 제공합니다. 다음 형식으로 답변을 엄격하게 반환하십시오. { 'title' : 영화 또는 시리즈의 이름, 'poster' : 영화 나 시리즈의 사진에 대한 링크, 사이트에서 사진을 찾으십시오. imdb, 'desc' : 필름 또는 시리즈에 대한 자세한 설명 }; 감사합니다! 트레일러 링크를 찾으십시오
62;kri; Adu! Advays wan random film ɔ siriɔs. Ritɔn di ansa strikt wan insay di fɔmat we de dɔŋ ya: { 'title' : Di nem fɔ di fim ɔ siriɔs ., 'poster' : Link to a pikchɔ Frɔm wan fim ɔ siriɔs, luk fɔ wan pikchɔ na di sayt imdb, 'desc' : Ditayl diskripshɔn fɔ di fim ɔ siriɔs . }; Ofa ɔda fim ɔ siriɔs. Ritɔn di ansa strikt wan insay di fɔmat we de dɔŋ ya: { 'title' : Di nem fɔ di fim ɔ siriɔs ., 'poster' : Link to a pikchɔ Frɔm wan fim ɔ siriɔs, luk fɔ wan pikchɔ na di sayt imdb, 'desc' : Ditayl diskripshɔn fɔ di fim ɔ siriɔs . }; Tɛnki! Duya, fɛn wan link to di trela .
63;ku; Slav! Fîlimek an rêzek rêzdar şêwir bikin. Bersivê bi hişkî di forma jêrîn de vegerin: { 'title' : Navê fîlim an rêzê, 'poster' : Bi wêneyek ji fîlimek an rêzek ve girêdayî, li ser malpera imdb bigerin wêneyek li ser malperê digerin, 'desc' : Danasîna berfireh a fîlim an rêzê }; Fîlimek an rêzek din pêşkêş bikin. Bersivê bi hişkî di forma jêrîn de vegerin: { 'title' : Navê fîlim an rêzê, 'poster' : Bi wêneyek ji fîlimek an rêzek ve girêdayî, li ser malpera imdb bigerin wêneyek li ser malperê digerin, 'desc' : Danasîna berfireh a fîlim an rêzê }; Sipas ji were! Ji kerema xwe girêdanek li ser trailer bibînin
64;ckb; سڵاو! ئامۆژگاری فیلمێک یان زنجیرەیەکی هەڕەمەکی بکە. بەم فۆرماتەی خوارەوە وەڵامەکە بە توندی بگەڕێنەرەوە: { 'title' : ناوی فیلمەکە یان زنجیرەکە, 'poster' : لینکی وێنەیەک لە فیلمێک یان زنجیرەیەک، بەدوای وێنەیەکدا بگەڕێ لە سایتی imdb, 'desc' : وەسفێکی وردی فیلمەکە یان زنجیرەکە }; فیلمێک یان زنجیرەیەکی تر پێشکەش بکە. بەم فۆرماتەی خوارەوە وەڵامەکە بە توندی بگەڕێنەرەوە: { 'title' : ناوی فیلمەکە یان زنجیرەکە, 'poster' : لینکی وێنەیەک لە فیلمێک یان زنجیرەیەک، بەدوای وێنەیەکدا بگەڕێ لە سایتی imdb, 'desc' : وەسفێکی وردی فیلمەکە یان زنجیرەکە }; سوپاس! تکایە لینکی ترێلەکە بدۆزەرەوە
65;ky; Салам! Кокус тасма же серияны кеңеш бериңиз. Жоопту төмөнкү форматта кайтарыңыз: { 'title' : Фильмдин же сериялардын аты, 'poster' : Фильмден же сериядан сүрөткө шилтеме, сайттын сүрөтүн издеңиз imdb, 'desc' : Фильмдин же сериялардын деталдуу сүрөттөлүшү }; Башка фильмди же серияны сунуштаңыз. Жоопту төмөнкү форматта кайтарыңыз: { 'title' : Фильмдин же сериялардын аты, 'poster' : Фильмден же сериядан сүрөткө шилтеме, сайттын сүрөтүн издеңиз imdb, 'desc' : Фильмдин же сериялардын деталдуу сүрөттөлүшү }; Рахмат! Сураныч, трейлерге шилтеме табыңыз
66;lo; ສະບາຍດີ! ແນະນໍາຮູບເງົາຫຼືຊຸດແບບສຸ່ມ. ສົ່ງຄືນຄໍາຕອບຢ່າງເຂັ້ມງວດໃນຮູບແບບຕໍ່ໄປນີ້: { 'title' : ຊື່ຂອງຮູບເງົາຫຼືຊຸດ, 'poster' : ເຊື່ອມໂຍງກັບຮູບຈາກຮູບເງົາຫຼືຊຸດ, ໃຫ້ຊອກຫາຮູບຢູ່ໃນເວັບໄຊທ໌ imdb, 'desc' : ລາຍລະອຽດລາຍລະອຽດຂອງຮູບເງົາຫຼືຊຸດ }; ສະເຫນີຮູບເງົາຫຼືຊຸດອີກຊຸດຫນຶ່ງ. ສົ່ງຄືນຄໍາຕອບຢ່າງເຂັ້ມງວດໃນຮູບແບບຕໍ່ໄປນີ້: { 'title' : ຊື່ຂອງຮູບເງົາຫຼືຊຸດ, 'poster' : ເຊື່ອມໂຍງກັບຮູບຈາກຮູບເງົາຫຼືຊຸດ, ໃຫ້ຊອກຫາຮູບຢູ່ໃນເວັບໄຊທ໌ imdb, 'desc' : ລາຍລະອຽດລາຍລະອຽດຂອງຮູບເງົາຫຼືຊຸດ }; ຂອບໃຈ! ກະລຸນາຊອກຫາການເຊື່ອມຕໍ່ກັບລົດພ່ວງ
67;la; Salve! Monere a temere film aut series. Redi responsum stricte in sequentibus forma: { 'title' : Nomen film aut series, 'poster' : Link to a picture a film aut series, vultus in pictura in locum imdb, 'desc' : Detailed de film aut series }; Offerre alia film aut series. Redi responsum stricte in sequentibus forma: { 'title' : Nomen film aut series, 'poster' : Link to a picture a film aut series, vultus in pictura in locum imdb, 'desc' : Detailed de film aut series }; Gratias ago tibi! Placere invenire link to trailer
68;lv; Sveiki! Konsultēt nejaušu filmu vai sēriju. Atbildi atbildi stingri šādā formātā: { 'title' : Filmas vai sērijas nosaukums, 'poster' : Saite uz attēlu no filmas vai sērijas, vietnē imdb meklējiet attēlu., 'desc' : Detalizēts filmas vai sērijas apraksts }; Piedāvājiet citu filmu vai seriālu. Atbildi atbildi stingri šādā formātā: { 'title' : Filmas vai sērijas nosaukums, 'poster' : Saite uz attēlu no filmas vai sērijas, vietnē imdb meklējiet attēlu., 'desc' : Detalizēts filmas vai sērijas apraksts }; Paldies! Lūdzu, atrodiet saiti uz piekabi
69;ln; Mbote! Bopesa toli na film to série moko ya pamba pamba. Zongisa eyano na ndenge ya sikisiki na format oyo: { 'title' : Nkombo ya filme to ya série ., 'poster' : Lien na elilingi uta na filme to série, luka elilingi na site imdb, 'desc' : Description détaillée ya film to série . }; Pesa film to série mosusu. Zongisa eyano na ndenge ya sikisiki na format oyo: { 'title' : Nkombo ya filme to ya série ., 'poster' : Lien na elilingi uta na filme to série, luka elilingi na site imdb, 'desc' : Description détaillée ya film to série . }; Matondi! Svp boluka lien ya remorque .
70;lt; Sveiki! Patarikite atsitiktinį filmą ar seriją. Grąžinkite atsakymą griežtai tokiu formatu: { 'title' : Filmo ar serijos pavadinimas, 'poster' : Nuoroda į filmo ar serijos nuotrauką, ieškokite paveikslo svetainėje imdb, 'desc' : Išsamus filmo ar serijos aprašymas }; Pasiūlykite dar vieną filmą ar seriją. Grąžinkite atsakymą griežtai tokiu formatu: { 'title' : Filmo ar serijos pavadinimas, 'poster' : Nuoroda į filmo ar serijos nuotrauką, ieškokite paveikslo svetainėje imdb, 'desc' : Išsamus filmo ar serijos aprašymas }; Ačiū! Prašome rasti nuorodą į priekabą
71;lg; Nkulamusizza! Muwe amagezi ku firimu oba series eya random. Ddamu eky'okuddamu strictly mu nkola eno wammanga: { 'title' : Erinnya lya firimu oba series ., 'poster' : Link to a picture from a film or series, noonya ekifaananyi ku mukutu imdb, 'desc' : Ennyonyola enzijuvu ku firimu oba series . }; Muwe firimu endala oba series. Ddamu eky'okuddamu strictly mu nkola eno wammanga: { 'title' : Erinnya lya firimu oba series ., 'poster' : Link to a picture from a film or series, noonya ekifaananyi ku mukutu imdb, 'desc' : Ennyonyola enzijuvu ku firimu oba series . }; Weebale! Nsaba ofune link ya trailer .
72;lb; Hallo! Beréit eng zoufälleg Film oder Serie. D'Äntwert zréck op déi folgend Format zréck: { 'title' : Den Numm vum Film oder Serie, 'poster' : Link zu engem Bild vun engem Film oder Serie, kuckt no engem Bild op der Säit imdb, 'desc' : Detailléiert Beschreiwung vum Film oder Serie }; Bitt eng aner Film oder Serie. D'Äntwert zréck op déi folgend Format zréck: { 'title' : Den Numm vum Film oder Serie, 'poster' : Link zu engem Bild vun engem Film oder Serie, kuckt no engem Bild op der Säit imdb, 'desc' : Detailléiert Beschreiwung vum Film oder Serie }; Merci! W.e.g. fannt e Link op den Trailer
73;mk; Здраво! Советувајте случаен филм или серија. Вратете го одговорот строго во следниот формат: { 'title' : Името на филмот или серијалот, 'poster' : Врска до слика од филм или серија, побарајте слика на страницата imdb, 'desc' : Детален опис на филмот или серијалот }; Понудете друг филм или серија. Вратете го одговорот строго во следниот формат: { 'title' : Името на филмот или серијалот, 'poster' : Врска до слика од филм или серија, побарајте слика на страницата imdb, 'desc' : Детален опис на филмот или серијалот }; Ви благодарам! Ве молиме, најдете врска до приколката
74;mai; नमस्कार! कोनो यादृच्छिक फिल्म या श्रृंखला के सलाह दियौ। उत्तर सख्ती सँ निम्नलिखित प्रारूप मे वापस करू: { 'title' : फिल्म या श्रृंखला के नाम, 'poster' : कोनो फिल्म या श्रृंखला के चित्र के लिंक, साइट imdb पर चित्र देखू, 'desc' : फिल्म या श्रृंखला के विस्तृत विवरण }; कोनो दोसर फिल्म वा सीरीज ऑफर करू। उत्तर सख्ती सँ निम्नलिखित प्रारूप मे वापस करू: { 'title' : फिल्म या श्रृंखला के नाम, 'poster' : कोनो फिल्म या श्रृंखला के चित्र के लिंक, साइट imdb पर चित्र देखू, 'desc' : फिल्म या श्रृंखला के विस्तृत विवरण }; अहां कें धन्यवाद! कृपया ट्रेलर के लिंक ढूंढें
75;mg; Salama! Manoro hevitra horonantsary na andiany iray. Avereno ny valiny amin'ny endrika manaraka: { 'title' : Ny anaran'ilay sarimihetsika na andiany, 'poster' : Rohy amin'ny sary avy amin'ny sarimihetsika na andiany iray, tadiavo sary ao amin'ny tranokala imdb, 'desc' : Famaritana antsipiriany momba ny sarimihetsika na andian-dahatsoratra }; Manolora horonantsary na andiany hafa. Avereno ny valiny amin'ny endrika manaraka: { 'title' : Ny anaran'ilay sarimihetsika na andiany, 'poster' : Rohy amin'ny sary avy amin'ny sarimihetsika na andiany iray, tadiavo sary ao amin'ny tranokala imdb, 'desc' : Famaritana antsipiriany momba ny sarimihetsika na andian-dahatsoratra }; Misaotra anao! Azafady mba jereo ny rohy mankany amin'ny tranofiara
76;ms; Helo! Nasihatkan filem atau siri rawak. Kembalikan jawapan dengan ketat dalam format berikut: { 'title' : Nama filem atau siri, 'poster' : Pautan ke gambar dari filem atau siri, cari gambar di laman web imdb, 'desc' : Penerangan terperinci mengenai filem atau siri }; Menawarkan filem atau siri lain. Kembalikan jawapan dengan ketat dalam format berikut: { 'title' : Nama filem atau siri, 'poster' : Pautan ke gambar dari filem atau siri, cari gambar di laman web imdb, 'desc' : Penerangan terperinci mengenai filem atau siri }; Terima kasih! Sila cari pautan ke treler
77;ml; ഹലോ! ഒരു റാൻഡം ഫിലിം അല്ലെങ്കിൽ സീരീസ് ഉപദേശിക്കുക. ഇനിപ്പറയുന്ന ഫോർമാറ്റിൽ ഉത്തരം കർശനമായി നൽകുക: { 'title' : ഫിലിമിന്റെ അല്ലെങ്കിൽ സീരീസിന്റെ പേര്, 'poster' : ഒരു ഫിലിം അല്ലെങ്കിൽ സീരീസിൽ നിന്ന് ഒരു ചിത്രത്തിലേക്കുള്ള ലിങ്ക് ചെയ്യുക, imdb സൈറ്റിൽ ഒരു ചിത്രം തിരയുക, 'desc' : ഫിലിമിന്റെ അല്ലെങ്കിൽ സീരീസിന്റെ വിശദമായ വിവരണം }; മറ്റൊരു ഫിലിം അല്ലെങ്കിൽ സീരീസ് വാഗ്ദാനം ചെയ്യുക. ഇനിപ്പറയുന്ന ഫോർമാറ്റിൽ ഉത്തരം കർശനമായി നൽകുക: { 'title' : ഫിലിമിന്റെ അല്ലെങ്കിൽ സീരീസിന്റെ പേര്, 'poster' : ഒരു ഫിലിം അല്ലെങ്കിൽ സീരീസിൽ നിന്ന് ഒരു ചിത്രത്തിലേക്കുള്ള ലിങ്ക് ചെയ്യുക, imdb സൈറ്റിൽ ഒരു ചിത്രം തിരയുക, 'desc' : ഫിലിമിന്റെ അല്ലെങ്കിൽ സീരീസിന്റെ വിശദമായ വിവരണം }; നന്ദി! ട്രെയിലറിലേക്ക് ഒരു ലിങ്ക് കണ്ടെത്തുക
78;mt; Hello! Avża film jew serje bl-addoċċ. Irritorna t-tweġiba strettament fil-format li ġej: { 'title' : L-isem tal-film jew serje, 'poster' : Link għal stampa minn film jew serje, fittex stampa fuq is-sit imdb, 'desc' : Deskrizzjoni dettaljata tal-film jew serje }; Joffru film jew serje oħra. Irritorna t-tweġiba strettament fil-format li ġej: { 'title' : L-isem tal-film jew serje, 'poster' : Link għal stampa minn film jew serje, fittex stampa fuq is-sit imdb, 'desc' : Deskrizzjoni dettaljata tal-film jew serje }; Grazzi! Jekk jogħġbok sib link għat-trejler
79;mi; Kia ora Tohutohu i tetahi kiriata tupurangi, raupapa ranei. Whakahokia te whakautu ki te whakatakotoranga e whai ake nei: { 'title' : Ko te ingoa o te kiriata, o te raupapa ranei, 'poster' : Hono ki tetahi pikitia mai i tetahi kiriata, raupapa ranei, tirohia te pikitia i te papanga imdb, 'desc' : Whakaahuatanga taipitopito o te kiriata, o te raupapa ranei }; Tuku tetahi atu kiriata, raupapa ranei. Whakahokia te whakautu ki te whakatakotoranga e whai ake nei: { 'title' : Ko te ingoa o te kiriata, o te raupapa ranei, 'poster' : Hono ki tetahi pikitia mai i tetahi kiriata, raupapa ranei, tirohia te pikitia i te papanga imdb, 'desc' : Whakaahuatanga taipitopito o te kiriata, o te raupapa ranei }; Mauruuru! Tena koa tirohia te hono ki te tira
80;mr; हॅलो! यादृच्छिक चित्रपट किंवा मालिका सल्ला द्या. उत्तर खालील स्वरूपात काटेकोरपणे परत करा: { 'title' : चित्रपटाचे किंवा मालिकेचे नाव, 'poster' : एखाद्या चित्रपटाच्या किंवा मालिकेतील चित्राचा दुवा, साइट आयएमडीबी डॉट कॉमवर चित्र शोधा, 'desc' : चित्रपट किंवा मालिकेचे तपशीलवार वर्णन }; दुसरा चित्रपट किंवा मालिका ऑफर करा. उत्तर खालील स्वरूपात काटेकोरपणे परत करा: { 'title' : चित्रपटाचे किंवा मालिकेचे नाव, 'poster' : एखाद्या चित्रपटाच्या किंवा मालिकेतील चित्राचा दुवा, साइट आयएमडीबी डॉट कॉमवर चित्र शोधा, 'desc' : चित्रपट किंवा मालिकेचे तपशीलवार वर्णन }; धन्यवाद! कृपया ट्रेलरचा दुवा शोधा
81;mni-Mtei; ꯍꯦꯜꯂꯣ! ꯔꯦꯟꯗꯝ ꯑꯣꯏꯕꯥ ꯐꯤꯜꯃ ꯅꯠꯠꯔꯒꯥ ꯁꯤꯔꯤꯖ ꯑꯃꯗꯥ ꯄꯥꯎꯇꯥꯛ ꯄꯤꯌꯨ꯫ ꯃꯈꯥꯗꯥ ꯄꯤꯔꯤꯕꯥ ꯐꯣꯔꯃꯦꯠꯇꯥ ꯄꯥꯎꯈꯨꯝ ꯑꯗꯨ ꯑꯀꯅꯕꯥ ꯃꯑꯣꯡꯗꯥ ꯍꯜꯂꯀꯎ: { 'title' : ꯐꯤꯜꯃ ꯅꯠꯔꯒꯥ ꯁꯤꯔꯤꯖ ꯑꯁꯤꯒꯤ ꯃꯃꯤꯡ ., 'poster' : ꯐꯤꯜꯃ ꯅꯠꯠꯔꯒꯥ ꯁꯤꯔꯤꯖ ꯑꯃꯗꯒꯤ ꯂꯧꯕꯥ ꯐꯣꯇꯣ ꯑꯃꯒꯤ ꯂꯤꯉ꯭ꯛ, ꯁꯥꯏꯠ ꯑꯁꯤꯗꯥ ꯌꯥꯑꯣꯔꯤꯕꯥ ꯐꯣꯇꯣ ꯑꯃꯥ ꯌꯦꯡꯕꯤꯌꯨ imdb, 'desc' : ꯐꯤꯜꯃ ꯅꯠꯔꯒꯥ ꯁꯤꯔꯤꯖ ꯑꯁꯤꯒꯤ ꯑꯀꯨꯞꯄꯥ ꯃꯔꯣꯜ }; ꯑꯇꯣꯞꯄꯥ ꯐꯤꯜꯃ ꯑꯃꯥ ꯅꯠꯠꯔꯒꯥ ꯁꯤꯔꯤꯖ ꯑꯃꯥ ꯄꯤꯌꯨ꯫ ꯃꯈꯥꯗꯥ ꯄꯤꯔꯤꯕꯥ ꯐꯣꯔꯃꯦꯠꯇꯥ ꯄꯥꯎꯈꯨꯝ ꯑꯗꯨ ꯑꯀꯅꯕꯥ ꯃꯑꯣꯡꯗꯥ ꯍꯜꯂꯀꯎ: { 'title' : ꯐꯤꯜꯃ ꯅꯠꯔꯒꯥ ꯁꯤꯔꯤꯖ ꯑꯁꯤꯒꯤ ꯃꯃꯤꯡ ., 'poster' : ꯐꯤꯜꯃ ꯅꯠꯠꯔꯒꯥ ꯁꯤꯔꯤꯖ ꯑꯃꯗꯒꯤ ꯂꯧꯕꯥ ꯐꯣꯇꯣ ꯑꯃꯒꯤ ꯂꯤꯉ꯭ꯛ, ꯁꯥꯏꯠ ꯑꯁꯤꯗꯥ ꯌꯥꯑꯣꯔꯤꯕꯥ ꯐꯣꯇꯣ ꯑꯃꯥ ꯌꯦꯡꯕꯤꯌꯨ imdb, 'desc' : ꯐꯤꯜꯃ ꯅꯠꯔꯒꯥ ꯁꯤꯔꯤꯖ ꯑꯁꯤꯒꯤ ꯑꯀꯨꯞꯄꯥ ꯃꯔꯣꯜ }; ꯊꯥꯒꯠꯆꯔꯤ! ꯆꯥꯅꯕꯤꯗꯨꯅꯥ ꯇ꯭ꯔꯦꯂꯔꯒꯤ ꯂꯤꯉ꯭ꯛ ꯑꯃꯥ ꯊꯤꯕꯤꯌꯨ
82;lus; Chibai! Random film emaw series emaw advise rawh. Chhanna chu a hnuaia format-ah hian khauh takin rawn thawn leh rawh: { 'title' : Film emaw series emaw hming ., 'poster' : Film emaw series emaw atanga thlalak link, site imdb ah thlalak zawng rawh., 'desc' : Film emaw series emaw chungchang chipchiar taka sawifiahna }; Film emaw series emaw dang offer rawh. Chhanna chu a hnuaia format-ah hian khauh takin rawn thawn leh rawh: { 'title' : Film emaw series emaw hming ., 'poster' : Film emaw series emaw atanga thlalak link, site imdb ah thlalak zawng rawh., 'desc' : Film emaw series emaw chungchang chipchiar taka sawifiahna }; Ka lawm e! Trailer link hi zawng la .
83;mn; Сайн! Санамсаргүй кино эсвэл цуврал зөвлөгөө өгөх. Дараах форматаар хариултыг нь хатуу буцаана уу. { 'title' : Кино эсвэл цуврал нэр, 'poster' : Кино эсвэл цувралын зураг эсвэл цувралын зургийг холбож, imdb дээр зураг хайж үзээрэй, 'desc' : Кино эсвэл цувралын дэлгэрэнгүй тайлбар }; Өөр кино эсвэл цуврал санал болгох. Дараах форматаар хариултыг нь хатуу буцаана уу. { 'title' : Кино эсвэл цуврал нэр, 'poster' : Кино эсвэл цувралын зураг эсвэл цувралын зургийг холбож, imdb дээр зураг хайж үзээрэй, 'desc' : Кино эсвэл цувралын дэлгэрэнгүй тайлбар }; Баярлалаа! Чиргүүлийн холбоосыг олно уу
84;my; မင်္ဂလာပါ! ကျပန်းရုပ်ရှင်သို့မဟုတ်စီးရီးကိုအကြံပေးပါ။ အောက်ပါပုံစံဖြင့်အဖြေကိုတင်းကြပ်စွာပြန်ပို့ပါ။ { 'title' : ရုပ်ရှင်သို့မဟုတ်စီးရီး၏အမည်, 'poster' : ရုပ်ရှင်သို့မဟုတ်စီးရီးမှရုပ်ပုံတစ်ခုနှင့်ချိတ်ဆက်ပါ, imdb ဆိုဒ်ရှိဓာတ်ပုံကိုရှာပါ, 'desc' : ရုပ်ရှင်သို့မဟုတ်စီးရီး၏အသေးစိတ်ဖော်ပြချက် }; အခြားရုပ်ရှင်သို့မဟုတ်စီးရီးကိုဆက်ကပ်။ အောက်ပါပုံစံဖြင့်အဖြေကိုတင်းကြပ်စွာပြန်ပို့ပါ။ { 'title' : ရုပ်ရှင်သို့မဟုတ်စီးရီး၏အမည်, 'poster' : ရုပ်ရှင်သို့မဟုတ်စီးရီးမှရုပ်ပုံတစ်ခုနှင့်ချိတ်ဆက်ပါ, imdb ဆိုဒ်ရှိဓာတ်ပုံကိုရှာပါ, 'desc' : ရုပ်ရှင်သို့မဟုတ်စီးရီး၏အသေးစိတ်ဖော်ပြချက် }; ကျေးဇူးတင်ပါသည်! ကျေးဇူးပြု. နောက်တွဲယာဉ်နှင့်ချိတ်ဆက်ပါ
85;ne; नमस्कार! एक अनियमित फिल्म वा श्रृंखला सल्लाह दिनुहोस्। तलका ढाँचामा कडा जवाफ फिर्ता गर्नुहोस्: { 'title' : फिल्म वा श्रृंखलाको नाम, 'poster' : फिल्म वा श्रृंखलाबाट एक तस्वीर मा लिंक, साइट imdb मा तस्वीर खोज्नुहोस्, 'desc' : फिल्म वा श्रृंखलाको विस्तृत विवरण }; अर्को फिल्म वा श्रृंखला प्रस्ताव गर्नुहोस्। तलका ढाँचामा कडा जवाफ फिर्ता गर्नुहोस्: { 'title' : फिल्म वा श्रृंखलाको नाम, 'poster' : फिल्म वा श्रृंखलाबाट एक तस्वीर मा लिंक, साइट imdb मा तस्वीर खोज्नुहोस्, 'desc' : फिल्म वा श्रृंखलाको विस्तृत विवरण }; धन्यवाद! कृपया ट्रेलरमा लिंक फेला पार्नुहोस्
86;no; Hallo! Gi råd til en tilfeldig film eller serie. Returner svaret strengt i følgende format: { 'title' : Navnet på filmen eller serien, 'poster' : Link til et bilde fra en film eller serie, se etter et bilde på nettstedet imdb, 'desc' : Detaljert beskrivelse av filmen eller serien }; Tilby en annen film eller serie. Returner svaret strengt i følgende format: { 'title' : Navnet på filmen eller serien, 'poster' : Link til et bilde fra en film eller serie, se etter et bilde på nettstedet imdb, 'desc' : Detaljert beskrivelse av filmen eller serien }; Takk skal du ha! Vennligst finn en lenke til traileren
87;or; ନମସ୍କାର! ଏକ ଅନିୟମିତ ଚଳଚ୍ଚିତ୍ର କିମ୍ବା ସିରିଜ୍ ପରାମର୍ଶ ଦିଅନ୍ତୁ | ନିମ୍ନଲିଖିତ ଫର୍ମାଟରେ କଠୋର ଭାବରେ ଉତ୍ତର ଦିଅ: { 'title' : ଚଳଚ୍ଚିତ୍ର କିମ୍ବା ସିରିଜର ନାମ |, 'poster' : ଏକ ଫିଲ୍ମ କିମ୍ବା ସିରିଜ୍ ରୁ ଏକ ଚିତ୍ର ସହିତ ଲିଙ୍କ୍, ସାଇଟ୍ imdb ରେ ଏକ ଚିତ୍ର ଖୋଜ |, 'desc' : ଚଳଚ୍ଚିତ୍ର କିମ୍ବା ସିରିଜର ବିସ୍ତୃତ ବର୍ଣ୍ଣନା | }; ଅନ୍ୟ ଏକ ଚଳଚ୍ଚିତ୍ର କିମ୍ବା ସିରିଜ୍ ପ୍ରଦାନ କରନ୍ତୁ | ନିମ୍ନଲିଖିତ ଫର୍ମାଟରେ କଠୋର ଭାବରେ ଉତ୍ତର ଦିଅ: { 'title' : ଚଳଚ୍ଚିତ୍ର କିମ୍ବା ସିରିଜର ନାମ |, 'poster' : ଏକ ଫିଲ୍ମ କିମ୍ବା ସିରିଜ୍ ରୁ ଏକ ଚିତ୍ର ସହିତ ଲିଙ୍କ୍, ସାଇଟ୍ imdb ରେ ଏକ ଚିତ୍ର ଖୋଜ |, 'desc' : ଚଳଚ୍ଚିତ୍ର କିମ୍ବା ସିରିଜର ବିସ୍ତୃତ ବର୍ଣ୍ଣନା | }; ଧନ୍ୟବାଦ! ଦୟାକରି ଟ୍ରେଲର ସହିତ ଏକ ଲିଙ୍କ୍ ଖୋଜ |
88;om; Akkam! Fiilmii ykn walduraa duubaan akka tasaa gorsuu. Deebii isaa bifa armaan gadiitiin cimsee deebisi: { 'title' : Maqaa fiilmii ykn walduraa duubaan ., 'poster' : Link suuraa fiilmii ykn series irraa, suuraa marsariitii imdb irratti barbaadi, 'desc' : Ibsa bal'aa fiilmii ykn walduraa duubaa . }; Fiilmii ykn walduraa duubaan kan biraa dhiyeessuu. Deebii isaa bifa armaan gadiitiin cimsee deebisi: { 'title' : Maqaa fiilmii ykn walduraa duubaan ., 'poster' : Link suuraa fiilmii ykn series irraa, suuraa marsariitii imdb irratti barbaadi, 'desc' : Ibsa bal'aa fiilmii ykn walduraa duubaa . }; Galatoomaa! Mee liinkii konkolaataa 'trailer' jedhu barbaadaa.
89;ps; سلام! یو تصادفي فلم یا لړۍ ته مشوره ورکړئ. ځواب په لاندې ب format ه کې بیرته راواړئ: { 'title' : د فلم یا لړۍ نوم, 'poster' : د فلم یا لړۍ څخه د عکس سره لینک کړئ، په سایټ imdb کې د عکس په لټه کې شئ, 'desc' : د فلم یا لړۍ تفصیل توضیحات }; بل فلم یا لړۍ وړاندې کړئ. ځواب په لاندې ب format ه کې بیرته راواړئ: { 'title' : د فلم یا لړۍ نوم, 'poster' : د فلم یا لړۍ څخه د عکس سره لینک کړئ، په سایټ imdb کې د عکس په لټه کې شئ, 'desc' : د فلم یا لړۍ تفصیل توضیحات }; له تاسو مننه! مهرباني وکړئ ټریلر ته لینک ومومئ
90;fa; سلام! یک فیلم یا سریال تصادفی را توصیه کنید. پاسخ را به شدت در قالب زیر برگردانید: { 'title' : نام فیلم یا سریال, 'poster' : پیوند به یک تصویر از یک فیلم یا سریال ، به دنبال یک عکس در سایت imdb باشید, 'desc' : شرح مفصل فیلم یا سریال }; فیلم یا سریال دیگری ارائه دهید. پاسخ را به شدت در قالب زیر برگردانید: { 'title' : نام فیلم یا سریال, 'poster' : پیوند به یک تصویر از یک فیلم یا سریال ، به دنبال یک عکس در سایت imdb باشید, 'desc' : شرح مفصل فیلم یا سریال }; ممنون لطفاً پیوندی به تریلر پیدا کنید
91;pl; Cześć! Doradzaj losowy film lub serię. Zwróć odpowiedź ściśle w następującym formacie: { 'title' : Nazwa filmu lub serii, 'poster' : Link do zdjęcia z filmu lub serii, poszukaj zdjęcia na stronie imdb, 'desc' : Szczegółowy opis filmu lub serii }; Zaoferuj kolejny film lub serię. Zwróć odpowiedź ściśle w następującym formacie: { 'title' : Nazwa filmu lub serii, 'poster' : Link do zdjęcia z filmu lub serii, poszukaj zdjęcia na stronie imdb, 'desc' : Szczegółowy opis filmu lub serii }; Dziękuję! Znajdź link do przyczepy
92;pt; Olá! Aconselhe um filme ou série aleatória. Retorne a resposta estritamente no seguinte formato: { 'title' : O nome do filme ou série, 'poster' : Link para uma foto de um filme ou série, procure uma foto no site imdb, 'desc' : Descrição detalhada do filme ou série }; Ofereça outro filme ou série. Retorne a resposta estritamente no seguinte formato: { 'title' : O nome do filme ou série, 'poster' : Link para uma foto de um filme ou série, procure uma foto no site imdb, 'desc' : Descrição detalhada do filme ou série }; Obrigado! Por favor, encontre um link para o trailer
93;pa; ਸਤ ਸ੍ਰੀ ਅਕਾਲ! ਇੱਕ ਬੇਤਰਤੀਬੇ ਫਿਲਮ ਜਾਂ ਲੜੀ ਨੂੰ ਸਲਾਹ ਦਿਓ. ਹੇਠ ਦਿੱਤੇ ਫਾਰਮੈਟ ਵਿੱਚ ਉੱਤਰ ਨੂੰ ਸਖਤੀ ਨਾਲ ਵਾਪਸ ਕਰੋ: { 'title' : ਫਿਲਮ ਜਾਂ ਲੜੀ ਦਾ ਨਾਮ, 'poster' : ਕਿਸੇ ਫਿਲਮ ਜਾਂ ਲੜੀ ਤੋਂ ਇਕ ਤਸਵੀਰ ਨਾਲ ਲਿੰਕ ਕਰੋ, ਸਾਈਟ 'ਤੇ ਇਕ ਤਸਵੀਰ ਦੇਖੋ imdb, 'desc' : ਫਿਲਮ ਜਾਂ ਲੜੀ ਦਾ ਵਿਸਥਾਰ ਨਾਲ ਵੇਰਵਾ }; ਇਕ ਹੋਰ ਫਿਲਮ ਜਾਂ ਲੜੀ ਦੀ ਪੇਸ਼ਕਸ਼ ਕਰੋ. ਹੇਠ ਦਿੱਤੇ ਫਾਰਮੈਟ ਵਿੱਚ ਉੱਤਰ ਨੂੰ ਸਖਤੀ ਨਾਲ ਵਾਪਸ ਕਰੋ: { 'title' : ਫਿਲਮ ਜਾਂ ਲੜੀ ਦਾ ਨਾਮ, 'poster' : ਕਿਸੇ ਫਿਲਮ ਜਾਂ ਲੜੀ ਤੋਂ ਇਕ ਤਸਵੀਰ ਨਾਲ ਲਿੰਕ ਕਰੋ, ਸਾਈਟ 'ਤੇ ਇਕ ਤਸਵੀਰ ਦੇਖੋ imdb, 'desc' : ਫਿਲਮ ਜਾਂ ਲੜੀ ਦਾ ਵਿਸਥਾਰ ਨਾਲ ਵੇਰਵਾ }; ਤੁਹਾਡਾ ਧੰਨਵਾਦ! ਕਿਰਪਾ ਕਰਕੇ ਟ੍ਰੇਲਰ ਦਾ ਲਿੰਕ ਲੱਭੋ
94;qu; Allinllachu! Consejar una película o serie aleatoria. Kutichiyta kutichiy kay qatiq formatopi: { 'title' : Chay peliculapa utaq seriepa sutin ., 'poster' : Huk peliculamanta utaq seriemanta huk siq'iman t'inkikuy, huk siq'ita maskay kay sitiopi imdb ., 'desc' : Descripción detallada de la película o serie . }; Huk peliculata otaq serieta hayway. Kutichiyta kutichiy kay qatiq formatopi: { 'title' : Chay peliculapa utaq seriepa sutin ., 'poster' : Huk peliculamanta utaq seriemanta huk siq'iman t'inkikuy, huk siq'ita maskay kay sitiopi imdb ., 'desc' : Descripción detallada de la película o serie . }; Riqsikuyki! Ama hina kaspa, huk t'inkita tariy trailer nisqaman .
95;ro; Buna ziua! Sfătuiți un film sau un serial aleatoriu. Returnați răspunsul strict în următorul format: { 'title' : Numele filmului sau al seriei, 'poster' : Link către o imagine dintr -un film sau serie, căutați o imagine pe site -ul imdb, 'desc' : Descrierea detaliată a filmului sau a seriei }; Oferiți un alt film sau serie. Returnați răspunsul strict în următorul format: { 'title' : Numele filmului sau al seriei, 'poster' : Link către o imagine dintr -un film sau serie, căutați o imagine pe site -ul imdb, 'desc' : Descrierea detaliată a filmului sau a seriei }; Vă mulțumesc! Vă rugăm să găsiți un link către remorcă
96;ru; Привет! Посоветуй случайный фильм или сериал. Верни ответ строго в следующем формате: { 'title' : название фильма или сериала, 'poster' : ссылка на картинку из фильма или сериала, ищи  картинку на сайте imdb, 'desc' : развернутое описание фильма или сериала }; Предложи другой фильм или сериал. Верни ответ строго в следующем формате: { 'title' : название фильма или сериала, 'poster' : ссылка на картинку из фильма или сериала, ищи  картинку на сайте imdb, 'desc' : развернутое описание фильма или сериала }; Спасибо! Найди пожалуйста ссылку на трейлер
97;sm; Talofa! Fautuaina se ata faʻataʻitaʻi poʻo se faʻasologa. Faʻafoʻi le tali i le faʻasologa o loʻo mulimuli mai: { 'title' : O le igoa o le ata po o le faasologa, 'poster' : Faʻafesoʻotaʻi i se ata mai se ata poʻo se faʻasologa, vaʻai mo se ata i luga o le upega tafailagi imdb, 'desc' : Faʻamatalaga auiliili o le ata poʻo se faʻasologa }; Ofo atu seisi ata po o se faasologa. Faʻafoʻi le tali i le faʻasologa o loʻo mulimuli mai: { 'title' : O le igoa o le ata po o le faasologa, 'poster' : Faʻafesoʻotaʻi i se ata mai se ata poʻo se faʻasologa, vaʻai mo se ata i luga o le upega tafailagi imdb, 'desc' : Faʻamatalaga auiliili o le ata poʻo se faʻasologa }; Fa'afetai! Faʻamolemole saili se fesoʻotaʻiga i le taʻavale toso
98;sa; नमस्ते! एकं यादृच्छिकं चलच्चित्रं वा श्रृङ्खलां वा सल्लाहं कुर्वन्तु। उत्तरं सख्ततया निम्नलिखितरूपेण प्रत्यागच्छन्तु: { 'title' : चलचित्रस्य वा श्रृङ्खलायाः वा नाम ., 'poster' : चलचित्रस्य वा श्रृङ्खलायाः चित्रस्य लिङ्कं कुर्वन्तु, imdb इति साइट् मध्ये चित्रं पश्यन्तु, 'desc' : चलचित्रस्य वा श्रृङ्खलायाः विस्तृतविवरणम् }; अन्यं चलच्चित्रं वा श्रृङ्खलां वा प्रस्तावयन्तु। उत्तरं सख्ततया निम्नलिखितरूपेण प्रत्यागच्छन्तु: { 'title' : चलचित्रस्य वा श्रृङ्खलायाः वा नाम ., 'poster' : चलचित्रस्य वा श्रृङ्खलायाः चित्रस्य लिङ्कं कुर्वन्तु, imdb इति साइट् मध्ये चित्रं पश्यन्तु, 'desc' : चलचित्रस्य वा श्रृङ्खलायाः विस्तृतविवरणम् }; धन्यवाद! कृपया ट्रेलर के लिंक खोजें
99;gd; Halò! Thoir comhairle do fhilm no sreath air thuaiream. Thoir air ais am freagairt gu cruaidh anns a 'chruth a leanas: { 'title' : Ainm an fhilm no an t-sreath, 'poster' : Ceangal gu dealbh bho fhilm no sreath, coimhead airson dealbh air an làrach imdb, 'desc' : Tuairisgeul mionaideach air an fhilm no an t-sreath }; Tairgse film no sreath eile a thabhann. Thoir air ais am freagairt gu cruaidh anns a 'chruth a leanas: { 'title' : Ainm an fhilm no an t-sreath, 'poster' : Ceangal gu dealbh bho fhilm no sreath, coimhead airson dealbh air an làrach imdb, 'desc' : Tuairisgeul mionaideach air an fhilm no an t-sreath }; Tapadh leat! Feuch an lorg thu ceangal ris an trèilear
100;nso; Thobela! Eletša filimi ya go se kgethe goba lelokelelo. Bušetša karabo ka go tia ka sebopego se se latelago: { 'title' : Lebitso la filimi kapa letoto la lihlooho tse ., 'poster' : Link to a picture from a film or series, batla setšoantšo setšeng imdb ., 'desc' : Tlhaloso e feletseng ea filimi kapa letoto la lihlooho tse . }; Neela filimi e nngwe goba lelokelelo. Bušetša karabo ka go tia ka sebopego se se latelago: { 'title' : Lebitso la filimi kapa letoto la lihlooho tse ., 'poster' : Link to a picture from a film or series, batla setšoantšo setšeng imdb ., 'desc' : Tlhaloso e feletseng ea filimi kapa letoto la lihlooho tse . }; Ke a leboga! Hle hwetša kgokagano ya trailer .
101;sr; Здраво! Саветујте случајни филм или серију. Вратите одговор строго у следећем формату: { 'title' : Име филма или серије, 'poster' : Линк до слике из филма или серије потражите слику на сајту ИМДб.цом, 'desc' : Детаљан опис филма или серије }; Понудите још један филм или серију. Вратите одговор строго у следећем формату: { 'title' : Име филма или серије, 'poster' : Линк до слике из филма или серије потражите слику на сајту ИМДб.цом, 'desc' : Детаљан опис филма или серије }; Хвала вам! Молимо пронађите везу до приколице
102;st; Lumela! Eletsa filimi e sa sebetseng kapa letoto. Khutlisetsa karabo ka kotloloho ka tsela e latelang: { 'title' : Lebitso la filimi kapa letoto, 'poster' : Khokahano ea setšoantšo se tsoang ho filimi kapa letoto, batla setšoantšo se sebakeng sa imdb, 'desc' : Tlhaloso e qaqileng ea filimi kapa letoto }; Fana ka filimi e 'ngoe kapa letoto. Khutlisetsa karabo ka kotloloho ka tsela e latelang: { 'title' : Lebitso la filimi kapa letoto, 'poster' : Khokahano ea setšoantšo se tsoang ho filimi kapa letoto, batla setšoantšo se sebakeng sa imdb, 'desc' : Tlhaloso e qaqileng ea filimi kapa letoto }; Kea leboha! Ka kopo fumana sehokelo sa terata
103;sn; Mhoro! Kuraira firimu risina kujairika kana nhevedzano. Dzosera mhinduro zvakanyatsoita mune inotevera fomati: { 'title' : Zita remufirimu kana nhevedzano, 'poster' : Batanidza pamufananidzo kubva mufirimu kana nhevedzano, tarisa mufananidzo pane saiti imb.com, 'desc' : Tsananguro yakadzama yefirimu kana nhevedzano }; Ipa imwe firimu kana nhevedzano. Dzosera mhinduro zvakanyatsoita mune inotevera fomati: { 'title' : Zita remufirimu kana nhevedzano, 'poster' : Batanidza pamufananidzo kubva mufirimu kana nhevedzano, tarisa mufananidzo pane saiti imb.com, 'desc' : Tsananguro yakadzama yefirimu kana nhevedzano }; Ndatenda! Ndokumbira kuti uwane chinongedzo kune iyo trailer
104;sd; سلام! هڪ بي ترتيب فلم يا سيريز کي صلاح ڏيو. جواب کي هيٺين شڪل ۾ سختي سان موٽايو: { 'title' : فلم يا سيريز جو نالو, 'poster' : هڪ فلم يا سيريز مان هڪ تصوير سان ڳنيو، سائيٽ imdb تي تصوير ڳوليو, 'desc' : فلم يا سيريز جي تفصيلي وضاحت }; هڪ ٻي فلم يا سيريز پيش ڪيو. جواب کي هيٺين شڪل ۾ سختي سان موٽايو: { 'title' : فلم يا سيريز جو نالو, 'poster' : هڪ فلم يا سيريز مان هڪ تصوير سان ڳنيو، سائيٽ imdb تي تصوير ڳوليو, 'desc' : فلم يا سيريز جي تفصيلي وضاحت }; تنهنجي مهرباني! مهرباني ڪري ٽريلر جي لنڪ ڳوليو
105;si; ආයුබෝවන්! අහඹු චිත්රපටයක් හෝ ශ්රේණියක් උපදෙස් දෙන්න. පිළිතුර තදින් පහත ආකෘතියෙන් ආපසු එවන්න: { 'title' : චිත්රපටයේ හෝ ශ්රේණියේ නම, 'poster' : චිත්රපටයක් හෝ මාලාවක පින්තූරයකට සම්බන්ධ වන්න, imdb වෙබ් අඩවියේ පින්තූරයක් සොයන්න, 'desc' : චිත්රපටය හෝ මාලාව පිළිබඳ සවිස්තරාත්මක විස්තරයක් }; වෙනත් චිත්රපටයක් හෝ මාලාවක් ඉදිරිපත් කරන්න. පිළිතුර තදින් පහත ආකෘතියෙන් ආපසු එවන්න: { 'title' : චිත්රපටයේ හෝ ශ්රේණියේ නම, 'poster' : චිත්රපටයක් හෝ මාලාවක පින්තූරයකට සම්බන්ධ වන්න, imdb වෙබ් අඩවියේ පින්තූරයක් සොයන්න, 'desc' : චිත්රපටය හෝ මාලාව පිළිබඳ සවිස්තරාත්මක විස්තරයක් }; ඔයාට ස්තූතියි! කරුණාකර ට්රේලරයේ සබැඳියක් සොයා ගන්න
106;sk; Ahoj! Poraďte sa s náhodným filmom alebo sériou. Vráťte odpoveď striktne v nasledujúcom formáte: { 'title' : Názov filmu alebo série, 'poster' : Odkaz na obrázok z filmu alebo série, pozrite si obrázok na webe imdb, 'desc' : Podrobný popis filmu alebo série }; Ponúknite ďalší film alebo sériu. Vráťte odpoveď striktne v nasledujúcom formáte: { 'title' : Názov filmu alebo série, 'poster' : Odkaz na obrázok z filmu alebo série, pozrite si obrázok na webe imdb, 'desc' : Podrobný popis filmu alebo série }; Ďakujem! Nájdite odkaz na príves
107;sl; Pozdravljeni! Svetujte naključni film ali serijo. Odgovor vrnite strogo v naslednji obliki: { 'title' : Ime filma ali serije, 'poster' : Povezava do slike iz filma ali serije, poiščite sliko na spletnem mestu imdb, 'desc' : Podroben opis filma ali serije }; Ponudite še en film ali serijo. Odgovor vrnite strogo v naslednji obliki: { 'title' : Ime filma ali serije, 'poster' : Povezava do slike iz filma ali serije, poiščite sliko na spletnem mestu imdb, 'desc' : Podroben opis filma ali serije }; Hvala! Poiščite povezavo do napovednika
108;so; Salaan! Kala tasho filim aan kala sooc lahayn ama taxane ah. Ku soo celi jawaabta si adag qaabkan soosocda: { 'title' : Magaca filimka ama taxanaha, 'poster' : Kuxiriirta sawirka filimka ama taxanaha, ka raadi sawir bogga imdb, 'desc' : Sharraxaad faahfaahsan oo ku saabsan filimka ama taxanaha }; Sii filim kale ama taxane ah. Ku soo celi jawaabta si adag qaabkan soosocda: { 'title' : Magaca filimka ama taxanaha, 'poster' : Kuxiriirta sawirka filimka ama taxanaha, ka raadi sawir bogga imdb, 'desc' : Sharraxaad faahfaahsan oo ku saabsan filimka ama taxanaha }; Waad ku mahadsan tahay! Fadlan ka hel xiriiriye trailer
109;es; ¡Hola! Asesorar una película o serie aleatoria. Devuelva la respuesta estrictamente en el siguiente formato: { 'title' : El nombre de la película o serie, 'poster' : Enlace a una imagen de una película o serie, busque una imagen en el sitio imdb, 'desc' : Descripción detallada de la película o serie }; Ofrezca otra película o serie. Devuelva la respuesta estrictamente en el siguiente formato: { 'title' : El nombre de la película o serie, 'poster' : Enlace a una imagen de una película o serie, busque una imagen en el sitio imdb, 'desc' : Descripción detallada de la película o serie }; ¡Gracias! Encuentre un enlace al trailer
110;su; Halo! Mamatahan pilem acak atanapi séri. Balikkeun jawaban mastikeun dina pormat di handap ieu: { 'title' : Ngaran pilem atanapi séri, 'poster' : Link ka gambar tina pilem atanapi séri, milarian gambar dina situs imdb, 'desc' : Katerangan rinci pilem atanapi séri }; Nawiskeun pilem atanapi séri. Balikkeun jawaban mastikeun dina pormat di handap ieu: { 'title' : Ngaran pilem atanapi séri, 'poster' : Link ka gambar tina pilem atanapi séri, milarian gambar dina situs imdb, 'desc' : Katerangan rinci pilem atanapi séri }; Hatur nuhun! Punten milarian tautan kana trailer
111;sw; Hello! Kushauri filamu isiyo ya kawaida au mfululizo. Rudisha jibu madhubuti katika muundo ufuatao: { 'title' : Jina la filamu au mfululizo, 'poster' : Unganisha na picha kutoka kwa filamu au safu, tafuta picha kwenye wavuti imdb, 'desc' : Maelezo ya kina ya filamu au safu }; Toa filamu nyingine au mfululizo. Rudisha jibu madhubuti katika muundo ufuatao: { 'title' : Jina la filamu au mfululizo, 'poster' : Unganisha na picha kutoka kwa filamu au safu, tafuta picha kwenye wavuti imdb, 'desc' : Maelezo ya kina ya filamu au safu }; Asante! Tafadhali pata kiunga cha trela
112;sv; Hej! Råda en slumpmässig film eller serie. Returnera svaret strikt i följande format: { 'title' : Namnet på filmen eller serien, 'poster' : Länk till en bild från en film eller en serie, leta efter en bild på webbplatsen imdb, 'desc' : Detaljerad beskrivning av filmen eller serien }; Erbjud en annan film eller serie. Returnera svaret strikt i följande format: { 'title' : Namnet på filmen eller serien, 'poster' : Länk till en bild från en film eller en serie, leta efter en bild på webbplatsen imdb, 'desc' : Detaljerad beskrivning av filmen eller serien }; Tack! Vänligen hitta en länk till trailern
113;tg; Салом! Филми тасодуфӣ ё силсила маслиҳат диҳед. Ҷавобро дар формати зерин қатъиян баргардонед: { 'title' : Номи филм ё силсила, 'poster' : Истинод ба тасвир аз филм ё силсила, як тасвирро дар сайт imdb ҷустуҷӯ кунед, 'desc' : Тавсифи муфассали филм ё силсила }; Филми дигар ё силсиларо пешниҳод кунед. Ҷавобро дар формати зерин қатъиян баргардонед: { 'title' : Номи филм ё силсила, 'poster' : Истинод ба тасвир аз филм ё силсила, як тасвирро дар сайт imdb ҷустуҷӯ кунед, 'desc' : Тавсифи муфассали филм ё силсила }; Сипос! Лутфан пайвандро ба трейлер пайдо кунед
114;ta; வணக்கம்! ஒரு சீரற்ற படம் அல்லது தொடருக்கு ஆலோசனை கூறுங்கள். பின்வரும் வடிவத்தில் பதிலை கண்டிப்பாக திருப்பித் தரவும்: { 'title' : படம் அல்லது தொடரின் பெயர், 'poster' : ஒரு படம் அல்லது தொடரின் படத்திற்கான இணைப்பு, imdb தளத்தில் ஒரு படத்தைத் தேடுங்கள், 'desc' : படம் அல்லது தொடரின் விரிவான விளக்கம் }; மற்றொரு படம் அல்லது தொடரை வழங்குங்கள். பின்வரும் வடிவத்தில் பதிலை கண்டிப்பாக திருப்பித் தரவும்: { 'title' : படம் அல்லது தொடரின் பெயர், 'poster' : ஒரு படம் அல்லது தொடரின் படத்திற்கான இணைப்பு, imdb தளத்தில் ஒரு படத்தைத் தேடுங்கள், 'desc' : படம் அல்லது தொடரின் விரிவான விளக்கம் }; நன்றி! டிரெய்லருக்கான இணைப்பைக் கண்டறியவும்
115;tt; Сәлам! Очраклы кино яки сериягә киңәш бирегез. Answerавапны түбәндәге форматта кайтарыгыз: { 'title' : Фильмның яки сериянең исеме, 'poster' : Фильмның яки сериясеннән рәсемгә сылтама imdb сайтында рәсем эзләгез, 'desc' : Фильмның яки сериясенең җентекле тасвирламасы }; Бүтән кино яки серия тәкъдим итегез. Answerавапны түбәндәге форматта кайтарыгыз: { 'title' : Фильмның яки сериянең исеме, 'poster' : Фильмның яки сериясеннән рәсемгә сылтама imdb сайтында рәсем эзләгез, 'desc' : Фильмның яки сериясенең җентекле тасвирламасы }; Рәхмәт! Зинһар, трейлерга сылтама табыгыз
116;te; హలో! యాదృచ్ఛిక చిత్రం లేదా సిరీస్‌కు సలహా ఇవ్వండి. కింది ఆకృతిలో సమాధానం ఖచ్చితంగా తిరిగి ఇవ్వండి: { 'title' : చిత్రం లేదా సిరీస్ పేరు, 'poster' : చలనచిత్రం లేదా సిరీస్ నుండి చిత్రానికి లింక్, imdb సైట్‌లో చిత్రం కోసం చూడండి, 'desc' : చిత్రం లేదా సిరీస్ యొక్క వివరణాత్మక వివరణ }; మరొక చిత్రం లేదా సిరీస్‌ను అందించండి. కింది ఆకృతిలో సమాధానం ఖచ్చితంగా తిరిగి ఇవ్వండి: { 'title' : చిత్రం లేదా సిరీస్ పేరు, 'poster' : చలనచిత్రం లేదా సిరీస్ నుండి చిత్రానికి లింక్, imdb సైట్‌లో చిత్రం కోసం చూడండి, 'desc' : చిత్రం లేదా సిరీస్ యొక్క వివరణాత్మక వివరణ }; ధన్యవాదాలు! దయచేసి ట్రైలర్‌కు లింక్‌ను కనుగొనండి
117;th; สวัสดี! แนะนำภาพยนตร์หรือซีรีส์แบบสุ่ม ส่งคืนคำตอบอย่างเคร่งครัดในรูปแบบต่อไปนี้: { 'title' : ชื่อของภาพยนตร์หรือซีรีส์, 'poster' : ลิงค์ไปยังรูปภาพจากภาพยนตร์หรือซีรีส์ให้มองหารูปภาพบนเว็บไซต์ imdb, 'desc' : คำอธิบายโดยละเอียดของภาพยนตร์หรือซีรีส์ }; เสนอภาพยนตร์หรือซีรีส์อื่น ส่งคืนคำตอบอย่างเคร่งครัดในรูปแบบต่อไปนี้: { 'title' : ชื่อของภาพยนตร์หรือซีรีส์, 'poster' : ลิงค์ไปยังรูปภาพจากภาพยนตร์หรือซีรีส์ให้มองหารูปภาพบนเว็บไซต์ imdb, 'desc' : คำอธิบายโดยละเอียดของภาพยนตร์หรือซีรีส์ }; ขอบคุณ! โปรดค้นหาลิงค์ไปยังรถพ่วง
118;ti; ሰላም! ንሓደ ዕድመ ንእስነት ፊልም ወይ ተኸታታሊ ፊልም ምኽሪ ምሃብ። መልሲ ብጥብቂ ብዝስዕብ ቅርጺ ምምላስ፤ { 'title' : ስም ናይቲ ፊልም ወይ ተኸታታሊ ፊልም ., 'poster' : Link to a picture from a film or series, ኣብ መርበብ ሓበሬታ imdb ስእሊ ድለዩ, 'desc' : ዝርዝር መግለጺ ናይቲ ፊልም ወይ ተኸታታሊ ፊልም }; ካልእ ፊልም ወይ ተኸታታሊ ፊልም ኣቕርብ። መልሲ ብጥብቂ ብዝስዕብ ቅርጺ ምምላስ፤ { 'title' : ስም ናይቲ ፊልም ወይ ተኸታታሊ ፊልም ., 'poster' : Link to a picture from a film or series, ኣብ መርበብ ሓበሬታ imdb ስእሊ ድለዩ, 'desc' : ዝርዝር መግለጺ ናይቲ ፊልም ወይ ተኸታታሊ ፊልም }; የቕንየለይ! በጃኹም ናብ ትረይለር ዝወስድ ሊንክ ርኸቡ
119;ts; Avuxeni! Tsundzuxa filimi kumbe nongonoko lowu nga hlelekangiki. Vuyisa nhlamulo hi ku kongoma eka xivumbeko lexi landzelaka: { 'title' : Vito ra filimi kumbe nxaxamelo ., 'poster' : Xihlanganisi xa xifaniso lexi humaka eka filimi kumbe nongonoko, lava xifaniso eka sayiti imdb ., 'desc' : Nhlamuselo ya vuxokoxoko bya filimi kumbe nxaxamelo . }; Nyikela filimi yin’wana kumbe nongonoko. Vuyisa nhlamulo hi ku kongoma eka xivumbeko lexi landzelaka: { 'title' : Vito ra filimi kumbe nxaxamelo ., 'poster' : Xihlanganisi xa xifaniso lexi humaka eka filimi kumbe nongonoko, lava xifaniso eka sayiti imdb ., 'desc' : Nhlamuselo ya vuxokoxoko bya filimi kumbe nxaxamelo . }; Inkomu! Hi kombela u kuma link ya trailer .
120;tr; Merhaba! Rastgele bir film veya seri tavsiye edin. Cevabı kesinlikle aşağıdaki formatta döndürün: { 'title' : Filmin veya dizinin adı, 'poster' : Bir film veya seriden bir resme bağlantı, imdb sitesinde bir resim arayın, 'desc' : Filmin veya serinin ayrıntılı açıklaması }; Başka bir film veya dizi sunun. Cevabı kesinlikle aşağıdaki formatta döndürün: { 'title' : Filmin veya dizinin adı, 'poster' : Bir film veya seriden bir resme bağlantı, imdb sitesinde bir resim arayın, 'desc' : Filmin veya serinin ayrıntılı açıklaması }; Teşekkür ederim! Lütfen fragmana bir bağlantı bulun
121;tk; Salam! Tötänleýin film ýa-da seriýany maslahat beriň. Jogaby aşakdaky formatda gaýtaryp beriň: { 'title' : Filmiň ýa-da seriýanyň ady, 'poster' : Filmden ýa-da seriýadan surata baglanyşyk, imdb sahypasynda surat gözläň, 'desc' : Filmiň ýa-da seriýanyň jikme-jik beýany }; Başga bir film ýa-da seriýany teklip ediň. Jogaby aşakdaky formatda gaýtaryp beriň: { 'title' : Filmiň ýa-da seriýanyň ady, 'poster' : Filmden ýa-da seriýadan surata baglanyşyk, imdb sahypasynda surat gözläň, 'desc' : Filmiň ýa-da seriýanyň jikme-jik beýany }; Sagbol! Tirkege baglanyşyk tapmagyňyzy haýyş edýäris
122;ak; Hɛlo! Tu fo sɛ sini anaa nsɛm a ɛtoatoa so a wɔanhyɛ da ayɛ. San fa mmuae no san ba katee wɔ ɔkwan a edidi so yi so: { 'title' : Sini anaa nsɛm a ɛtoatoa so no din ., 'poster' : Link to a picture from a film anaa series, hwehwɛ mfonini wɔ site imdb so ., 'desc' : Sini anaa nsɛm a ɛtoatoa so ho nkyerɛkyerɛmu a ɛkɔ akyiri . }; Fa sini anaa nsɛm a ɛtoatoa so foforo ma. San fa mmuae no san ba katee wɔ ɔkwan a edidi so yi so: { 'title' : Sini anaa nsɛm a ɛtoatoa so no din ., 'poster' : Link to a picture from a film anaa series, hwehwɛ mfonini wɔ site imdb so ., 'desc' : Sini anaa nsɛm a ɛtoatoa so ho nkyerɛkyerɛmu a ɛkɔ akyiri . }; Meda wo ase! Yɛsrɛ sɛ hwehwɛ link a ɛkɔ trailer no so .
123;uk; Привіт! Порадьте випадковий фільм чи серіал. Поверніть відповідь суворо у такому форматі: { 'title' : Назва фільму чи серіалу, 'poster' : Посилання на малюнок із фільму чи серіалу, шукайте малюнок на сайті imdb, 'desc' : Детальний опис фільму чи серіалу }; Запропонуйте ще один фільм чи серіал. Поверніть відповідь суворо у такому форматі: { 'title' : Назва фільму чи серіалу, 'poster' : Посилання на малюнок із фільму чи серіалу, шукайте малюнок на сайті imdb, 'desc' : Детальний опис фільму чи серіалу }; Дякую! Будь ласка, знайдіть посилання на трейлер
124;ur; ہیلو! بے ترتیب فلم یا سیریز کا مشورہ دیں۔ مندرجہ ذیل فارمیٹ میں جواب کو سختی سے واپس کریں: { 'title' : فلم یا سیریز کا نام, 'poster' : کسی فلم یا سیریز کی تصویر سے لنک کریں ، سائٹ imdb پر تصویر تلاش کریں, 'desc' : فلم یا سیریز کی تفصیلی تفصیل }; ایک اور فلم یا سیریز پیش کریں۔ مندرجہ ذیل فارمیٹ میں جواب کو سختی سے واپس کریں: { 'title' : فلم یا سیریز کا نام, 'poster' : کسی فلم یا سیریز کی تصویر سے لنک کریں ، سائٹ imdb پر تصویر تلاش کریں, 'desc' : فلم یا سیریز کی تفصیلی تفصیل }; آپ کا شکریہ! براہ کرم ٹریلر کا لنک تلاش کریں
125;ug; ياخشىمۇسىز! ئىختىيارى كىنو ياكى يۈرۈشلۈكلەرنى تەۋسىيە قىلىڭ. جاۋابنى تۆۋەندىكى فورماتتا قايتۇرۇڭ: { 'title' : كىنو ياكى يۈرۈشلۈكنىڭ ئىسمى, 'poster' : فىلىم ياكى بىر يۈرۈش رەسىمگە ئۇلىنىش, تور بېكەت imdb دىكى رەسىمنى ئىزدەڭ, 'desc' : فىلىم ياكى يۈرۈشلۈكلەرنىڭ تەپسىلىي چۈشەندۈرۈشى }; باشقا كىنو ياكى يۈرۈش بىلەن تەمىنلەڭ. جاۋابنى تۆۋەندىكى فورماتتا قايتۇرۇڭ: { 'title' : كىنو ياكى يۈرۈشلۈكنىڭ ئىسمى, 'poster' : فىلىم ياكى بىر يۈرۈش رەسىمگە ئۇلىنىش, تور بېكەت imdb دىكى رەسىمنى ئىزدەڭ, 'desc' : فىلىم ياكى يۈرۈشلۈكلەرنىڭ تەپسىلىي چۈشەندۈرۈشى }; رەھمەت سىزگە! يۈك ماشىنىسىغا ئۇلىنىش تېپىڭ
126;uz; Salom! Tasodifiy film yoki seriyalarga maslahat bering. Javobni quyidagi formatda bajaring: { 'title' : Film yoki seriya nomi, 'poster' : Film yoki seriyadan rasmga havola, imdb saytidagi rasmni qidiring, 'desc' : Film yoki seriyalarning batafsil tavsifi }; Boshqa film yoki seriyalarni taklif qiling. Javobni quyidagi formatda bajaring: { 'title' : Film yoki seriya nomi, 'poster' : Film yoki seriyadan rasmga havola, imdb saytidagi rasmni qidiring, 'desc' : Film yoki seriyalarning batafsil tavsifi }; Rahmat! Iltimos, treylerga havolani toping
127;vi; Xin chào! Tư vấn cho một bộ phim hoặc loạt phim ngẫu nhiên. Trả về câu trả lời nghiêm ngặt theo định dạng sau: { 'title' : Tên của bộ phim hoặc loạt phim, 'poster' : Liên kết đến một hình ảnh từ một bộ phim hoặc sê -ri, hãy tìm một hình ảnh trên trang web imdb, 'desc' : Mô tả chi tiết về bộ phim hoặc loạt phim }; Cung cấp một bộ phim hoặc loạt phim khác. Trả về câu trả lời nghiêm ngặt theo định dạng sau: { 'title' : Tên của bộ phim hoặc loạt phim, 'poster' : Liên kết đến một hình ảnh từ một bộ phim hoặc sê -ri, hãy tìm một hình ảnh trên trang web imdb, 'desc' : Mô tả chi tiết về bộ phim hoặc loạt phim }; Cảm ơn! Vui lòng tìm một liên kết đến đoạn giới thiệu
128;cy; Helo! Cynghori ffilm neu gyfres ar hap. Dychwelwch yr ateb yn llym yn y fformat canlynol: { 'title' : Enw'r ffilm neu'r gyfres, 'poster' : Dolen i lun o ffilm neu gyfres, edrychwch am lun ar y wefan imdb, 'desc' : Disgrifiad manwl o'r ffilm neu'r gyfres }; Cynnig ffilm neu gyfres arall. Dychwelwch yr ateb yn llym yn y fformat canlynol: { 'title' : Enw'r ffilm neu'r gyfres, 'poster' : Dolen i lun o ffilm neu gyfres, edrychwch am lun ar y wefan imdb, 'desc' : Disgrifiad manwl o'r ffilm neu'r gyfres }; Diolch! Dewch o hyd i ddolen i'r trelar
129;xh; Mholo! Cebisa ifilimu okanye uthotho. Buyisela impendulo ngokungqongqo kwezi ndlela zilandelayo: { 'title' : Igama lefilimu okanye uthotho, 'poster' : Qhagamshela kumfanekiso osuka kwifilimu okanye uthotho, jonga umfanekiso kwindawo ye-imdb, 'desc' : Inkcazo eneenkcukacha yefilimu okanye uthotho }; Nika enye ifilimu okanye uthotho. Buyisela impendulo ngokungqongqo kwezi ndlela zilandelayo: { 'title' : Igama lefilimu okanye uthotho, 'poster' : Qhagamshela kumfanekiso osuka kwifilimu okanye uthotho, jonga umfanekiso kwindawo ye-imdb, 'desc' : Inkcazo eneenkcukacha yefilimu okanye uthotho }; Enkosi! Nceda ufumane ikhonkco kwi trailer
130;yi; אַ גוט יאָר! רעקאָמענדירן אַ טראַפ - פילם אָדער סעריע. צוריקקומען די ענטפער שטרענג אין די פאלגענדע פֿאָרמאַט: { 'title' : דער נאָמען פון דעם פילם אָדער סעריע, 'poster' : לינק צו אַ בילד פון אַ פילם אָדער סעריע, איר זוכט פֿאַר אַ בילד אויף דעם פּלאַץ imdb, 'desc' : דיטיילד באַשרייַבונג פון די פילם אָדער סעריע }; פאָרשלאָגן אן אנדער פילם אָדער סעריע. צוריקקומען די ענטפער שטרענג אין די פאלגענדע פֿאָרמאַט: { 'title' : דער נאָמען פון דעם פילם אָדער סעריע, 'poster' : לינק צו אַ בילד פון אַ פילם אָדער סעריע, איר זוכט פֿאַר אַ בילד אויף דעם פּלאַץ imdb, 'desc' : דיטיילד באַשרייַבונג פון די פילם אָדער סעריע }; אַ דאַנק! ביטע געפֿינען אַ לינק צו די טריילער
131;yo; Pẹlẹ o! Ni imọran fiimu ID tabi jara. Pada idahun naa muna ni ọna wọnyi: { 'title' : Orukọ fiimu naa tabi jara, 'poster' : Ọna asopọ si aworan kan lati fiimu kan tabi jara, wo fun aworan kan lori Aye imdb, 'desc' : Alaye alaye ti fiimu tabi jara }; Pese fiimu tabi jara. Pada idahun naa muna ni ọna wọnyi: { 'title' : Orukọ fiimu naa tabi jara, 'poster' : Ọna asopọ si aworan kan lati fiimu kan tabi jara, wo fun aworan kan lori Aye imdb, 'desc' : Alaye alaye ti fiimu tabi jara }; E dupe! Jọwọ wa ọna asopọ kan si trailer
132;zu; Sawubona! Yeluleka ifilimu noma uchungechunge olungahleliwe. Buyisela impendulo ngokuqinile ngefomethi elandelayo: { 'title' : Igama lefilimu noma uchungechunge, 'poster' : Xhumanisa esithombeni esivela kwifilimu noma uchungechunge, funa isithombe kwisayithi imdb, 'desc' : Ukuchazwa okuningiliziwe kwefilimu noma uchungechunge }; Nikeza enye ifilimu noma uchungechunge. Buyisela impendulo ngokuqinile ngefomethi elandelayo: { 'title' : Igama lefilimu noma uchungechunge, 'poster' : Xhumanisa esithombeni esivela kwifilimu noma uchungechunge, funa isithombe kwisayithi imdb, 'desc' : Ukuchazwa okuningiliziwe kwefilimu noma uchungechunge }; Ngiyabonga! Sicela uthole isixhumanisi se-trailer
133;;;;
